,Ordem de prod,Temperatura (F°),Peso médio (g),Comprimento médio (mm),Diâmetro,Gotas cortadas (toneladas),Total de Defeitos no Dia,Sujo de óleo,Rugas,Racho na terminação,Trinca por choque térmico,Dobra,Falta de seção,Bolha,Sardas,Dobra aberta no gargalo,Lascado em produção,Racho no espelho,Pinta preta,Parada de Máquina em Troca,Bolha aberta,Racho abaixo,Racho na rosca,Marca brilhante,Pedra,Fora de cor,Marca de escova,T abaixo do mínimo,Marca de molde,Racho no ombro,Sujo de molde,I abaixo do mínimo,Onda,Costura,Terminação suja,Frasco caído na esteira,Corpo torto,Ombro mal cheio,Aderido,Parada de Máquina Diversa,H acima do máximo,Fundo torto,Gargalo fraco,Costura desencontrada,Cava no ombro,Martelado,Racho na trava,Frio,Aglomerado de bolhas,Racho no anel,Respingo de óleo,Volume abaixo do mínimo,Racho no desenho,Terminação deformada,Racho no fundo,Ombro deformado,Boca abaixo do mínimo,Dupla costura,Racho no corpo,Cascão,Volume acima do máximo,T acima do máximo,Batido,Lascado no empacotamento,Ombro acima do máximo,Mancha escura,Racho acima do anel,Corpo +,H abaixo do mínimo,Racho no gargalo,Sujeira externa,Mancha de óleo,Rebarba,Ferrugem no fundo,Marca de tesoura,Amassado,Atrito,Gargalo fechado,Quebrado,Terminação torta,Dobra aberta,Mal distribuído,Fundo irregular,Racho no registro,Áspero,Sujo de óleo lambuzado,Microfissura,Marca de baffle,Friso -,Friso na terminação,Friso no fundo,Racho acima do fundo,Desenho apagado,Marca brilhante no fundo,Gaiola,Costura cortante,Lascado no fundo,Fundo canto fino,Chupado,Estufado,Rebarba na terminação,Cava no gargalo,Rebarba cortante,Terminação fora de centro,Altura acima do máximo,Friso +,Canto fino,Ferrugem,Parede irregular,Onda no fundo,Altura abaixo do mínimo,Risco,Ombro abaixo do mínimo,Espessura acima do máximo,Fio de tesoura,Meia lua,Anel deformado,Fundo fino,Bolha aberta no espelho,Rebarba interna,Racho na costura,Sujeira interna,Racho nas letras,Costura saliente na rosca,Bolha aberta interna,Cascão cortante,Espessura abaixo do mínimo,Fundo deformado,Bolha na alça,Ferrugem no corpo,Fagulha,Alça deformada,Instabilidade,Crú
0,192970,2126.9699999999993,169.3,110.4,32.5,20.948,222,31,23,1,5,10,13,0,2,1,0,0,1,0,0,6,0,0,0,0,4,3,10,0,0,0,10,3,0,0,6,0,0,0,2,0,0,7,10,0,0,0,0,0,0,0,0,0,0,8,0,1,0,0,0,0,0,0,3,0,0,0,0,0,0,0,0,0,0,0,0,0,1,0,0,0,0,0,0,0,0,0,0,0,0,0,0,0,0,0,0,0,0,0,0,0,0,0,0,0,0,0,0,0,0,0,0,0,0,1,0,0,0,0,0,0,0,0,0,0,0,0,0,0,0,0,0,0
1,192970,2118.9199999999987,169.7,85.6,18.1,21.022,249,49,15,6,14,11,34,2,7,0,1,1,0,0,5,8,0,6,0,0,7,0,5,0,2,0,15,4,1,0,2,4,0,12,0,0,0,6,6,0,0,0,0,0,0,0,0,1,0,5,0,1,1,0,1,0,6,0,9,0,0,0,0,0,0,0,0,0,0,0,0,0,0,0,0,0,0,0,0,0,0,0,0,0,0,0,0,0,0,0,0,0,0,0,2,0,0,0,0,0,0,0,0,0,0,0,0,0,0,0,0,0,0,0,0,0,0,0,0,0,0,0,0,0,0,0,0,0
2,192970,2124.999999999999,173.6,140.5,32.9,21.449,268,49,25,3,16,0,31,2,17,0,0,0,5,0,4,3,0,6,0,0,2,0,12,0,0,2,7,3,2,0,0,26,0,0,2,2,0,2,13,0,0,6,0,0,0,0,0,0,0,11,0,1,0,0,0,2,1,0,10,0,0,0,0,0,0,0,1,0,0,0,0,0,0,0,0,0,0,0,0,0,0,0,0,0,0,0,0,0,0,1,0,0,0,0,0,0,1,0,0,0,0,0,0,0,0,0,0,0,0,0,0,0,0,0,0,0,0,0,0,0,0,0,0,0,0,0,0,0
3,192970,2125.3999999999983,170.2,144.7,32.7,21.526,242,73,20,5,20,7,20,2,6,0,3,2,4,0,5,5,0,4,1,0,1,2,4,0,1,0,6,1,2,0,9,4,0,0,0,0,0,3,2,0,0,0,0,1,3,0,0,0,0,6,0,0,1,1,0,0,0,0,12,0,0,0,1,0,0,0,0,0,1,0,0,0,1,0,0,0,0,0,0,1,0,0,0,0,0,0,0,0,0,0,0,0,0,0,0,0,0,0,0,0,0,0,0,0,0,0,1,0,1,0,0,0,0,0,0,0,0,0,0,0,0,0,0,0,0,0,0,0
4,192970,2126.7599999999984,171.7,141.5,30.2,21.439,232,49,24,0,8,10,14,3,6,0,1,0,3,0,3,13,0,3,0,0,6,1,11,0,0,0,10,10,0,0,8,2,0,0,0,0,0,8,7,2,0,1,0,0,0,0,0,0,0,10,0,2,0,2,1,2,0,0,1,0,0,0,2,0,0,0,0,0,0,0,6,0,0,0,0,0,0,0,0,0,0,0,0,0,0,0,0,0,0,0,0,0,0,0,0,0,0,0,0,0,0,0,0,0,0,0,3,0,0,0,0,0,0,0,0,0,0,0,0,0,0,0,0,0,0,0,0,0
5,192970,2126.7599999999984,166.5,140.6,32.5,21.506,229,52,24,3,43,16,6,0,6,1,1,0,1,0,5,3,0,1,0,0,7,0,3,0,1,0,6,11,0,0,0,11,0,0,0,1,0,6,1,2,0,0,0,0,0,0,0,0,0,1,0,10,1,0,0,0,0,0,0,0,0,0,0,0,0,0,1,0,1,0,4,0,0,0,0,0,0,0,0,0,0,0,0,0,0,0,0,0,0,0,0,0,0,0,0,0,0,0,0,0,0,0,0,0,0,0,0,0,0,0,0,0,0,0,0,0,0,0,0,0,0,0,0,0,0,0,0,0
6,192970,2126.5999999999995,169.6,128.4,32.9,21.524,191,46,23,2,25,8,27,5,1,0,4,0,1,0,1,0,0,6,2,0,4,1,1,0,0,0,3,0,0,0,2,2,2,0,0,0,0,2,4,1,0,0,0,0,0,0,0,0,1,4,0,7,0,0,0,1,0,0,0,0,0,0,0,0,0,0,1,0,2,0,2,0,0,0,0,0,0,0,0,0,0,0,0,0,0,0,0,0,0,0,0,0,0,0,0,0,0,0,0,0,0,0,0,0,0,0,0,0,0,0,0,0,0,0,0,0,0,0,0,0,0,0,0,0,0,0,0,0
7,192970,2126.5999999999995,169.4,127.0,33.0,21.427,222,65,21,5,20,6,10,5,5,1,2,0,1,0,3,0,0,4,1,0,10,0,5,2,0,0,0,8,0,0,0,17,0,0,0,2,0,10,3,1,0,0,0,0,0,0,0,0,1,4,0,8,0,0,0,1,0,0,0,0,0,0,0,0,0,0,1,0,0,0,0,0,0,0,0,0,0,0,0,0,0,0,0,0,0,0,0,0,0,0,0,0,0,0,0,0,0,0,0,0,0,0,0,0,0,0,0,0,0,0,0,0,0,0,0,0,0,0,0,0,0,0,0,0,0,0,0,0
8,192970,2126.5999999999995,169.2,110.9,33.9,7.947,293,23,16,3,25,9,18,2,6,0,0,2,1,0,2,0,0,2,1,0,10,1,0,0,0,0,0,2,0,0,0,2,0,0,1,0,0,5,7,0,0,0,0,0,0,0,0,0,0,5,0,1,0,1,0,0,0,1,0,0,0,0,0,0,0,0,0,0,0,0,0,0,0,0,0,0,0,0,0,0,0,0,0,0,0,0,0,0,0,0,0,0,0,0,0,0,0,0,0,0,0,0,0,0,0,0,0,0,0,0,0,0,0,0,0,0,0,0,0,0,0,0,0,0,0,0,0,0
9,193112,2189.3999999999987,168.4,78.2,41.6,21.89,159,96,20,1,14,8,6,0,0,5,1,1,1,0,1,0,0,0,0,0,0,0,0,0,0,5,0,0,0,0,0,0,0,0,0,0,0,0,0,0,0,0,0,0,0,0,0,0,0,0,0,0,0,0,0,0,0,0,0,0,0,0,0,0,0,0,0,0,0,0,0,0,0,0,0,0,0,0,0,0,0,0,0,0,0,0,0,0,0,0,0,0,0,0,0,0,0,0,0,0,0,0,0,0,0,0,0,0,0,0,0,0,0,0,0,0,0,0,0,0,0,0,0,0,0,0,0,0
10,193112,2189.079999999999,168.3,77.6,41.6,21.857,203,125,17,5,8,17,4,0,2,7,1,0,0,0,4,0,0,1,1,0,1,0,1,0,0,0,0,0,0,0,0,0,0,0,0,0,0,0,0,0,0,0,0,0,4,0,0,0,0,0,0,0,0,0,0,0,0,0,0,0,0,0,0,3,0,0,0,0,0,0,0,0,0,0,0,0,0,0,2,0,0,0,0,0,0,0,0,0,0,0,0,0,0,0,0,0,0,0,0,0,0,0,0,0,0,0,0,0,0,0,0,0,0,0,0,0,0,0,0,0,0,0,0,0,0,0,0,0
11,193112,2142.5599999999986,167.8,110.4,32.5,0.985,222,38,1,3,0,10,0,0,0,0,0,0,3,0,0,0,0,0,0,0,0,0,0,0,0,0,0,0,0,0,0,0,0,0,0,0,2,0,0,0,0,0,0,0,1,0,0,0,0,0,0,0,0,0,0,0,0,0,0,0,0,0,0,0,0,0,0,0,0,0,0,0,0,0,0,0,0,0,0,0,0,0,1,0,0,1,0,0,0,0,0,0,0,0,0,0,0,0,0,0,0,0,0,0,0,0,0,0,0,0,0,0,0,0,0,0,0,0,0,0,0,0,0,0,0,0,0,0
12,193164,2126.5999999999995,145.3,110.9,33.9,12.494,293,30,12,0,8,6,2,0,1,0,0,0,0,48,1,1,1,0,2,0,1,0,0,0,2,0,2,0,0,18,0,0,0,0,0,0,0,0,0,1,2,0,0,0,0,0,0,1,0,0,0,0,0,0,0,0,0,0,0,0,0,0,0,0,1,0,0,0,0,0,4,0,1,0,0,0,0,0,0,0,0,0,0,0,0,0,0,0,0,0,1,0,0,0,0,0,0,0,0,0,0,1,0,0,0,0,0,0,0,0,0,0,0,0,0,0,0,0,0,0,0,0,0,0,0,0,0,0
13,193164,2128.919999999999,148.5,95.2,35.7,20.045,240,98,22,6,9,2,6,2,4,0,0,1,4,0,1,1,1,7,1,0,2,2,0,0,4,4,2,0,8,17,0,0,0,0,8,0,0,0,1,0,0,14,0,0,0,0,0,3,3,0,0,0,0,0,0,0,0,1,0,0,0,0,0,0,2,0,0,0,0,0,0,0,0,0,0,0,0,0,0,0,0,0,0,0,0,0,0,0,0,0,0,0,0,0,0,4,0,0,0,0,0,0,0,0,0,0,0,0,0,0,0,0,0,0,0,0,0,0,0,0,0,0,0,0,0,0,0,0
14,193164,2128.9999999999986,148.5,87.4,34.0,20.287,171,38,15,10,0,1,3,5,4,0,3,3,17,0,1,2,5,2,9,0,3,3,0,0,0,2,0,0,11,0,0,0,1,16,5,0,0,0,3,0,0,1,0,0,0,0,0,2,0,0,0,0,0,0,0,0,1,1,0,0,0,0,0,1,0,0,0,0,0,0,1,0,1,0,0,0,0,0,0,0,0,0,0,0,0,0,0,0,0,0,1,0,0,0,0,0,0,0,0,0,0,0,0,0,0,0,0,0,0,0,0,0,0,0,0,0,0,0,0,0,0,0,0,0,0,0,0,0
15,193164,2127.319999999999,145.9,98.0,37.6,20.121,231,73,21,19,10,7,1,3,20,4,2,7,14,0,6,3,3,0,8,0,0,3,0,0,1,0,0,2,11,0,0,0,0,0,1,0,0,0,0,0,0,3,1,1,1,0,0,0,0,0,0,0,0,0,0,0,3,2,0,0,1,0,0,0,0,0,0,0,0,0,0,0,0,0,0,0,0,0,0,0,0,0,0,0,0,0,0,0,0,0,0,0,0,0,0,0,0,0,0,0,0,0,0,0,0,0,0,0,0,0,0,0,0,0,0,0,0,0,0,0,0,0,0,0,0,0,0,0
16,193164,2124.7399999999984,146.6,99.6,36.2,20.261,229,98,11,26,12,0,4,0,9,0,2,6,14,0,4,1,4,1,6,0,0,1,1,0,1,0,0,0,1,7,0,0,1,0,1,0,0,0,0,0,0,0,3,0,0,0,0,1,2,0,0,0,0,0,0,0,2,1,0,0,0,0,0,1,5,0,0,0,0,0,0,0,1,0,0,0,0,0,0,0,0,0,0,0,0,0,0,0,0,0,0,0,0,0,0,0,0,0,0,0,0,1,0,0,0,0,0,0,0,0,0,0,0,0,0,0,0,0,0,0,0,1,0,0,0,0,0,0
17,193164,2123.9999999999977,147.1,98.3,36.5,20.403,231,75,2,36,23,2,0,2,18,0,2,6,17,0,1,2,6,1,9,0,3,0,0,0,2,4,1,2,0,0,0,0,0,0,0,0,0,0,0,0,1,0,0,1,0,0,0,4,2,0,0,0,0,0,0,0,0,1,0,0,1,0,0,0,0,0,0,0,0,0,2,2,0,0,0,0,0,0,0,0,0,0,0,0,0,0,0,0,0,0,0,0,0,0,0,0,0,0,0,0,0,3,0,0,0,0,0,0,0,0,0,0,0,0,0,0,0,0,0,0,0,0,0,0,0,0,0,0
18,193164,2123.9999999999977,147.2,96.7,36.0,20.4,198,75,0,21,17,8,0,10,10,0,1,15,10,0,4,2,2,0,1,0,2,3,0,0,0,1,0,0,11,0,0,0,0,0,2,0,0,0,0,0,0,0,0,0,0,0,0,1,0,0,0,0,0,0,0,0,0,1,0,0,1,0,0,0,0,0,0,0,0,0,0,0,0,0,0,0,0,0,0,0,0,0,0,0,0,0,0,0,0,0,0,0,0,0,0,0,0,0,0,0,0,0,0,0,0,0,0,0,0,0,0,0,0,0,0,0,0,0,0,0,0,0,0,0,0,0,0,0
19,193164,2123.6799999999985,148.1,96.6,36.2,20.429,215,95,12,35,9,6,1,7,14,0,0,2,7,0,5,1,6,0,1,0,3,5,0,0,0,0,0,1,1,0,0,0,0,0,3,0,0,0,0,0,0,0,0,0,0,0,0,0,0,0,0,0,0,0,0,0,0,1,0,0,0,0,0,0,0,0,0,0,0,0,0,0,0,0,0,0,0,0,0,0,0,0,0,0,0,0,0,0,0,0,0,0,0,0,0,0,0,0,0,0,0,0,0,0,0,0,0,0,0,0,0,0,0,0,0,0,0,0,0,0,0,0,0,0,0,0,0,0
20,193164,2119.999999999998,147.8,97.5,36.4,20.464,212,52,3,28,4,1,3,15,20,0,8,4,3,0,3,4,10,1,4,0,2,7,1,0,2,2,0,0,3,15,0,0,0,0,0,1,0,1,0,0,0,0,0,0,2,0,0,3,0,0,0,1,0,0,0,0,0,1,0,0,1,0,0,0,0,0,0,0,0,0,0,0,0,0,0,0,0,0,0,0,0,0,0,0,0,5,0,0,0,0,0,0,0,0,0,0,0,0,0,0,0,0,0,0,0,0,0,0,0,0,0,0,0,0,0,0,0,2,0,0,0,0,0,0,0,0,0,0
21,193164,2119.999999999998,147.5,108.6,34.2,20.353,224,79,19,20,15,1,10,7,15,0,3,2,1,0,3,2,2,2,1,0,6,4,2,0,1,11,1,2,0,6,0,0,0,0,0,0,0,0,0,0,0,0,0,0,0,0,0,0,3,0,0,0,0,0,0,0,1,1,0,0,0,0,0,0,0,0,0,0,0,0,0,0,0,0,0,0,0,0,0,0,0,1,0,0,0,0,0,0,0,0,1,0,0,0,0,0,0,0,0,0,0,0,0,2,0,0,0,0,0,0,0,0,0,0,0,0,0,0,0,0,0,0,0,0,0,0,0,0
22,193164,2117.5199999999986,148.2,107.7,34.0,20.422,224,73,15,9,14,8,3,1,25,0,8,5,15,0,0,6,1,0,5,0,1,0,0,1,0,2,0,1,15,0,0,0,0,0,0,0,0,0,0,0,2,0,0,0,4,0,0,0,2,0,0,2,0,0,0,0,1,1,0,0,0,0,0,0,2,0,1,0,0,0,0,0,0,0,0,0,0,0,0,0,0,0,0,0,0,0,0,0,0,0,0,0,0,0,0,0,0,0,0,0,0,0,0,0,0,0,0,0,0,0,0,0,0,0,1,0,0,0,0,0,0,0,0,0,0,0,0,0
23,193164,2067.1599999999985,148.9,104.9,34.5,20.447,193,65,7,10,8,1,5,12,6,0,4,8,11,0,2,7,6,0,3,0,1,3,0,0,1,1,0,0,11,0,0,0,0,0,6,0,0,0,1,0,0,1,0,0,5,0,0,0,2,0,0,0,0,0,0,1,1,0,0,0,0,0,0,0,0,0,0,0,0,0,0,2,0,0,0,0,0,1,1,0,0,0,0,0,0,0,0,0,0,0,0,0,0,0,0,0,0,0,0,0,0,0,0,0,0,0,0,0,0,0,0,0,0,0,0,0,0,0,0,0,0,0,0,0,0,0,0,0
24,193206,2195.049999999999,172.5,82.2,32.3,22.406,208,53,20,7,1,9,8,0,0,8,2,1,3,0,1,0,7,11,8,0,0,0,4,0,0,6,0,5,0,13,2,0,0,0,2,4,8,0,0,0,4,0,0,0,0,2,0,0,0,0,0,0,0,0,0,0,0,0,0,15,0,0,0,0,0,0,0,0,0,1,0,0,0,0,0,0,2,0,0,0,0,0,0,0,1,0,0,0,0,0,0,0,0,0,0,0,0,0,0,0,0,0,0,0,0,0,0,0,0,0,0,0,0,0,0,0,0,0,0,0,0,0,0,0,0,0,0,0
25,193206,2177.37,171.2,91.9,38.6,21.226,255,50,37,27,2,14,11,7,0,2,1,0,1,0,5,1,3,1,2,0,2,12,4,0,10,1,0,8,0,7,4,0,0,0,1,5,0,0,1,0,6,0,0,0,0,3,0,0,0,1,0,0,2,0,8,1,0,0,0,0,1,1,0,0,0,0,0,0,0,0,0,0,0,0,0,0,6,0,1,0,2,0,0,0,2,0,0,0,0,0,0,1,0,0,0,0,0,0,0,0,0,1,0,0,0,0,0,0,0,0,0,0,0,0,0,0,0,0,0,0,0,0,0,0,0,0,0,0
26,193206,2160.1899999999987,170.5,91.2,39.0,22.082,287,94,22,24,3,2,4,14,19,0,3,0,3,0,5,1,2,1,3,0,0,4,5,5,31,1,0,5,0,0,8,0,0,0,1,4,0,0,0,0,0,0,0,0,0,0,0,0,0,0,0,0,0,0,0,0,0,0,0,0,0,2,0,0,0,5,3,0,0,0,0,0,0,0,0,0,0,0,6,0,6,0,0,0,0,0,0,0,0,0,0,0,1,0,0,0,0,0,0,0,0,0,0,0,0,0,0,0,0,0,0,0,0,0,0,0,0,0,0,0,0,0,0,0,0,0,0,0
27,193206,2150.0399999999986,170.4,96.3,37.6,8.598,291,48,14,7,0,1,22,4,11,0,4,0,4,0,1,0,4,0,0,0,0,15,0,0,20,0,0,0,0,0,2,0,0,0,6,1,0,1,0,0,0,0,0,0,0,0,0,0,0,0,0,3,0,0,1,0,3,1,0,0,0,0,0,0,2,0,0,0,0,0,0,0,0,0,0,0,0,0,0,0,0,0,0,0,2,0,0,0,0,0,0,0,0,0,0,0,0,0,0,0,0,0,0,0,0,0,0,0,0,0,0,0,0,0,0,0,0,0,0,0,0,0,0,0,0,0,0,0
28,193207,2148.0299999999984,169.6,96.3,37.6,8.823,291,17,4,2,1,0,2,4,0,0,1,0,0,20,1,0,1,0,0,41,0,4,0,0,4,2,0,5,0,0,1,0,0,0,0,0,0,0,0,0,0,1,0,0,0,0,0,0,0,0,0,0,0,0,0,0,0,0,0,2,0,0,0,0,0,0,0,0,0,0,0,0,0,0,0,0,0,0,0,0,0,0,0,0,1,0,0,0,0,0,0,0,0,0,0,0,0,0,0,0,0,0,0,0,0,0,0,0,0,0,0,0,0,0,0,0,0,0,0,0,0,0,0,0,0,0,0,0
29,193207,2144.109999999998,170.6,99.8,37.1,14.741,243,63,23,2,6,0,94,2,0,2,10,0,2,0,0,1,8,0,0,0,0,1,2,0,1,2,1,0,0,0,1,0,0,0,1,0,0,0,0,0,3,0,0,0,0,0,0,1,0,0,0,0,6,0,0,0,0,0,0,0,0,1,0,0,0,6,0,0,0,0,0,1,0,0,0,0,0,0,0,0,0,0,0,0,0,0,0,0,0,2,0,0,0,0,0,0,0,0,0,0,0,0,0,0,0,0,0,0,0,0,0,0,0,1,0,0,0,0,0,0,0,0,0,0,0,0,0,0
30,193207,2137.629999999999,170.1,94.8,35.0,14.685,201,58,27,2,12,2,38,1,5,7,3,0,1,0,1,0,5,3,1,0,0,6,5,0,0,5,0,0,0,0,0,0,0,0,0,2,0,2,0,0,0,0,0,1,1,0,0,2,1,0,0,0,0,0,0,0,0,0,0,0,1,0,0,0,0,0,0,0,0,0,0,3,0,0,0,0,0,0,0,1,0,0,0,0,0,0,0,0,0,1,0,0,0,0,0,0,0,0,0,0,4,0,0,0,0,0,0,0,0,0,0,0,0,0,0,0,0,0,0,0,0,0,0,0,0,0,0,0
31,193207,2137.629999999999,171.7,102.9,36.6,14.851,229,89,29,8,21,0,0,7,6,7,5,0,1,0,1,0,6,11,2,0,0,0,1,0,2,6,1,0,0,0,0,0,0,0,0,0,0,2,0,0,0,0,0,0,0,0,0,0,0,0,0,0,0,0,7,0,0,1,0,0,0,2,0,0,0,12,0,0,0,0,2,0,0,0,0,0,0,0,0,0,0,0,0,0,0,0,0,0,0,0,0,0,0,0,0,0,0,0,0,0,0,0,0,0,0,0,0,0,0,0,0,0,0,0,0,0,0,0,0,0,0,0,0,0,0,0,0,0
32,193207,2136.579999999999,171.5,101.5,36.8,14.783,201,51,34,4,11,10,6,6,7,2,6,2,3,0,1,3,9,2,1,0,1,6,3,0,5,4,0,1,0,0,0,0,0,0,1,0,0,1,0,0,0,0,0,0,0,0,0,0,0,0,0,3,1,0,0,0,0,0,0,1,0,0,0,0,0,14,0,0,0,0,1,0,0,0,0,1,0,0,0,0,0,0,0,0,0,0,0,0,0,0,0,0,0,0,0,0,0,0,0,0,0,0,0,0,0,0,0,0,0,0,0,0,0,0,0,0,0,0,0,0,0,0,0,0,0,0,0,0
33,193207,2137.109999999998,171.0,99.5,37.1,14.169,220,91,34,12,6,1,6,4,6,0,4,0,2,0,3,1,10,1,2,0,0,7,0,0,6,5,0,0,0,3,0,0,0,0,1,0,2,0,0,0,0,3,0,0,1,0,0,0,0,0,0,3,1,0,0,2,0,0,0,0,0,0,0,0,0,0,0,0,0,0,0,0,0,0,0,0,0,0,0,0,0,0,0,0,3,0,0,0,0,0,0,0,0,0,0,0,0,0,0,0,0,0,0,0,0,0,0,0,0,0,0,0,0,0,0,0,0,0,0,0,0,0,0,0,0,0,0,0
34,193207,2137.0499999999984,171.3,99.7,37.0,14.749,187,78,42,12,4,2,6,10,5,1,4,0,0,0,1,0,3,1,1,0,2,0,0,0,8,0,0,0,0,0,1,0,0,0,1,0,0,0,0,0,1,0,0,0,0,0,0,1,0,0,0,0,0,0,0,0,0,0,0,0,0,0,0,0,0,0,0,0,0,0,0,0,0,0,0,0,0,0,0,0,0,0,0,0,2,0,0,0,1,0,0,0,0,0,0,0,0,0,0,0,0,0,0,0,0,0,0,0,0,0,0,0,0,0,0,0,0,0,0,0,0,0,0,0,0,0,0,0
35,193207,2137.0499999999984,171.1,100.7,36.8,14.777,201,139,15,7,6,0,0,4,5,1,0,0,0,0,1,1,3,0,0,0,2,3,0,0,6,2,0,0,0,0,0,0,0,0,0,0,0,0,0,0,0,0,0,0,0,0,0,0,0,0,0,0,0,0,0,0,0,0,0,0,1,0,0,0,0,0,0,0,0,0,0,0,0,0,0,0,0,0,0,5,0,0,0,0,0,0,0,0,0,0,0,0,0,0,0,0,0,0,0,0,0,0,0,0,0,0,0,0,0,0,0,0,0,0,0,0,0,0,0,0,0,0,0,0,0,0,0,0
36,193207,2137.0499999999984,171.0,99.4,37.0,14.787,191,104,9,16,8,1,0,9,10,0,6,1,0,0,2,2,4,0,4,0,0,5,0,0,2,0,0,0,0,2,0,0,0,0,2,0,0,0,0,0,1,0,0,0,0,0,0,0,0,0,0,2,0,0,0,0,0,0,0,0,1,0,0,0,0,0,0,0,0,0,0,0,0,0,0,0,0,0,0,0,0,0,0,0,0,0,0,0,0,0,0,0,0,0,0,0,0,0,0,0,0,0,0,0,0,0,0,0,0,0,0,0,0,0,0,0,0,0,0,0,0,0,0,0,0,0,0,0
37,193207,2140.6799999999985,170.8,87.7,34.6,10.55,166,64,26,14,12,11,0,7,2,1,6,0,0,0,0,1,4,0,5,0,0,3,0,0,2,2,0,0,0,0,0,0,0,0,0,0,0,0,0,0,0,0,0,0,0,0,0,0,0,0,0,0,0,0,2,0,0,0,0,0,0,2,0,0,0,0,0,0,0,0,0,0,1,0,0,0,0,0,0,0,0,0,0,0,0,0,0,1,0,0,0,0,0,0,0,0,0,0,0,0,0,0,0,0,0,0,0,0,0,0,0,0,0,0,0,0,0,0,0,0,0,0,0,0,0,0,0,0
38,193208,2180.7699999999986,122.0,75.3,34.2,14.451,127,19,7,0,14,4,23,6,0,0,0,1,3,0,0,0,0,0,1,0,0,0,4,16,4,0,1,0,1,0,0,0,2,0,0,2,0,0,0,0,0,0,0,0,0,0,0,0,0,0,0,0,0,0,0,4,0,0,0,0,0,4,0,1,0,0,0,0,0,0,0,0,0,0,0,0,2,0,0,0,0,0,0,0,1,0,0,0,0,0,0,0,0,0,0,0,0,3,0,2,0,0,0,0,0,0,0,2,0,0,0,0,0,0,0,0,0,0,0,0,0,0,0,0,0,0,0,0
39,193208,2171.8799999999987,122.2,46.7,20.7,5.292,242,29,8,3,3,0,0,15,1,6,2,0,1,0,0,0,0,0,0,0,1,0,0,6,2,1,0,1,0,0,0,0,0,0,0,0,0,0,0,0,0,0,0,0,1,0,0,0,2,0,0,0,3,0,0,0,0,0,5,0,0,0,0,0,0,0,0,0,0,0,0,0,0,0,0,0,0,0,0,0,0,0,0,0,0,0,0,0,0,0,0,0,0,0,0,0,0,1,0,0,0,0,0,0,0,0,0,1,0,0,0,0,0,0,0,0,0,0,0,0,0,0,0,0,0,0,0,0
40,193209,2167.769999999999,191.6,46.7,20.7,13.213,242,3,4,2,9,8,0,3,2,1,0,0,0,12,0,0,3,0,0,86,0,0,2,0,1,0,0,0,0,10,0,0,0,0,0,0,0,0,0,0,1,2,0,0,0,0,0,0,0,0,0,0,0,0,0,0,0,0,0,0,0,0,0,0,0,0,0,0,0,0,0,0,0,0,0,0,0,0,0,1,0,0,0,0,0,0,0,0,0,0,0,0,0,0,0,0,0,0,0,0,0,0,0,0,0,0,0,0,0,0,0,0,0,0,0,0,0,0,0,0,0,0,0,0,0,0,0,0
41,193209,2128.0599999999986,191.0,87.3,18.6,21.495,305,65,11,6,17,28,33,3,18,30,2,1,2,0,6,9,7,5,3,2,1,5,0,1,5,0,12,0,0,4,0,0,0,0,3,0,0,0,0,0,4,2,0,2,3,0,0,6,0,0,0,0,1,0,0,0,1,0,0,0,0,0,0,2,1,0,0,0,0,0,0,0,0,1,0,0,0,1,0,0,0,0,0,0,0,1,0,0,0,0,0,0,0,0,0,1,0,0,0,0,0,0,0,0,0,0,0,0,0,0,0,0,0,0,0,0,0,0,0,0,0,0,0,0,0,0,0,0
42,193209,2116.169999999999,190.9,141.6,33.4,21.441,276,75,3,10,11,14,4,1,17,25,3,1,11,0,2,19,14,5,0,0,0,2,0,4,1,0,4,3,5,8,16,0,0,0,0,0,0,0,0,2,3,0,0,1,0,0,0,0,3,0,0,0,0,0,0,0,0,0,0,0,0,0,0,0,0,0,0,0,0,0,0,0,0,5,0,0,0,2,0,0,0,0,0,0,0,1,0,0,0,0,0,0,0,0,1,0,0,0,0,0,0,0,0,0,0,0,0,0,0,0,0,0,0,0,0,0,0,0,0,0,0,0,0,0,0,0,0,0
43,193209,2110.369999999999,191.5,11.0,2.9,21.508,277,46,2,5,16,28,19,3,7,6,11,0,4,0,2,9,11,8,1,0,0,6,0,1,0,1,0,5,1,31,1,0,0,0,0,0,0,4,0,11,4,7,0,3,0,0,0,4,11,0,0,0,2,0,2,0,0,0,0,0,0,0,0,0,0,0,1,0,0,0,0,0,0,0,0,0,0,2,0,0,0,0,0,0,0,0,0,0,0,0,0,0,0,0,0,0,0,0,0,0,0,0,0,0,0,0,0,0,0,0,0,0,0,0,1,0,1,0,0,0,0,0,0,0,0,0,0,0
44,193209,2122.1799999999985,191.7,0.0,0.0,21.535,280,54,10,3,17,26,2,2,13,20,10,0,1,0,1,11,23,7,1,0,0,5,1,1,0,0,4,0,1,21,0,0,0,0,0,0,0,0,0,10,1,12,0,10,2,0,0,4,0,0,0,0,0,0,0,0,0,0,0,0,0,0,0,0,0,1,0,0,0,0,0,0,0,1,0,0,0,1,0,0,0,0,0,0,0,0,0,0,0,0,0,0,0,0,0,0,0,0,0,0,0,0,0,2,0,0,0,0,0,1,0,0,0,0,1,0,0,0,0,0,0,0,0,0,0,0,0,0
45,193209,2126.199999999998,191.8,0.0,0.0,21.507,305,115,1,3,14,22,6,3,23,7,4,2,4,0,7,6,11,3,3,0,0,7,3,5,0,0,3,1,0,0,0,2,0,24,0,0,0,0,0,16,0,4,0,2,0,0,0,1,1,0,0,0,0,0,0,0,0,0,0,0,0,0,0,0,1,0,0,0,0,0,1,0,0,0,0,0,0,0,0,0,0,0,0,0,0,0,0,0,0,0,0,0,0,0,0,0,0,0,0,0,0,0,0,0,0,0,0,0,0,0,0,0,0,0,0,0,0,0,0,0,0,0,0,0,0,0,0,0
46,193209,2151.9799999999977,191.0,24.0,9.7,1.114,122,8,9,1,8,4,0,1,13,1,5,0,1,0,1,1,1,0,0,0,3,2,1,0,3,0,0,0,0,0,0,0,0,0,0,0,0,0,0,0,0,0,0,3,0,0,0,1,0,0,0,0,0,0,0,0,0,0,0,0,1,0,0,1,1,0,0,0,0,0,0,0,0,0,0,0,0,0,0,0,0,0,0,0,0,0,0,0,0,0,0,0,0,0,0,0,0,0,0,0,0,0,0,0,0,0,0,0,0,0,0,0,0,0,0,0,0,0,0,0,0,0,0,0,0,0,0,0
47,193342,2138.0399999999986,170.3,73.0,25.7,21.061,180,24,6,1,3,1,31,0,0,0,0,0,0,12,0,1,0,2,0,0,2,0,0,5,0,0,0,14,0,0,10,0,0,12,1,0,0,2,7,0,0,0,0,0,0,0,0,0,0,0,0,0,0,0,0,0,0,0,1,0,0,0,0,0,0,0,1,0,0,0,0,0,0,0,0,0,0,0,0,0,0,0,0,0,0,0,0,0,0,0,0,0,0,0,0,0,0,0,0,0,0,0,0,0,0,0,0,0,0,0,0,0,0,0,0,0,0,0,0,0,0,0,0,0,0,0,0,0
48,193342,2126.3199999999983,171.2,107.6,28.1,21.936,296,51,33,0,45,9,40,1,0,0,4,1,0,0,3,2,0,10,2,0,1,1,0,2,0,0,0,3,3,0,30,1,0,0,0,1,0,9,10,6,0,0,0,0,0,0,0,0,0,2,0,1,0,3,2,2,0,0,2,0,0,0,0,0,0,0,1,3,0,0,0,0,0,0,5,0,0,0,0,0,0,0,0,0,0,0,0,0,0,7,0,0,0,0,0,0,0,0,0,0,0,0,0,0,0,0,0,0,0,0,0,0,0,0,0,0,0,0,0,0,0,0,0,0,0,0,0,0
49,193342,2128.559999999999,170.5,133.5,33.2,21.52,217,40,17,7,41,12,10,0,1,0,1,0,12,0,2,0,0,26,7,0,1,0,0,0,0,0,0,1,2,0,11,15,0,0,0,0,0,0,1,0,0,0,0,0,2,0,0,0,0,6,0,0,0,0,0,0,0,0,1,0,0,0,0,0,0,0,0,1,0,0,0,0,0,0,0,0,0,0,0,0,0,0,0,0,0,0,0,0,0,0,0,0,0,0,0,0,0,0,0,0,0,0,0,0,0,0,0,0,0,0,0,0,0,0,0,0,0,0,0,0,0,0,0,0,0,0,0,0
50,193342,2128.299999999999,169.8,131.4,33.7,21.562,211,64,8,13,40,6,14,0,0,0,9,0,7,0,0,0,0,2,0,0,1,4,0,4,0,0,2,4,1,0,0,11,0,0,0,0,0,1,10,0,0,0,0,0,0,0,0,0,0,1,0,0,1,3,0,0,0,0,0,0,0,0,0,0,0,0,1,0,0,0,0,0,0,0,2,0,0,0,0,0,0,0,0,0,0,0,0,1,0,0,0,0,0,0,0,0,0,0,0,0,0,0,0,0,0,0,0,0,0,0,0,0,0,1,0,0,0,0,0,0,0,0,0,0,0,0,0,0
51,193342,2127.95,170.5,127.1,34.4,21.593,198,66,8,9,41,3,3,1,2,0,18,0,5,0,6,0,0,6,0,0,4,2,2,8,0,0,1,0,0,0,0,2,1,0,0,0,0,2,2,3,0,0,0,0,0,0,0,0,0,0,0,0,0,1,0,0,0,0,0,0,0,0,0,0,0,0,0,0,0,0,0,0,0,0,0,0,0,0,0,0,0,0,0,0,0,1,0,0,0,0,0,0,0,0,0,0,1,0,0,0,0,0,0,0,0,0,0,0,0,0,0,0,0,0,0,0,0,0,0,0,0,0,0,0,0,0,0,0
52,193342,2127.699999999998,170.4,123.9,34.7,21.55,170,64,10,7,35,2,4,2,0,1,7,1,2,0,5,1,0,1,1,0,3,0,0,7,0,0,1,1,0,0,8,2,2,0,0,0,0,0,0,0,0,0,0,2,0,0,0,0,0,0,0,1,0,0,0,0,0,0,0,0,0,0,0,0,0,0,0,0,0,0,0,0,0,0,0,0,0,0,0,0,0,0,0,0,0,0,0,0,0,0,0,0,0,0,0,0,0,0,0,0,0,0,0,0,0,0,0,0,0,0,0,0,0,0,0,0,0,0,0,0,0,0,0,0,0,0,0,0
53,193342,2128.1499999999983,170.3,86.3,25.2,21.376,195,35,17,3,19,6,38,3,1,1,15,0,0,0,2,0,0,1,0,0,7,0,0,5,0,0,0,1,2,0,9,18,0,0,2,0,0,3,1,1,0,0,0,0,0,0,0,0,0,0,0,0,0,0,0,3,0,0,0,0,0,0,0,1,0,0,0,0,0,0,0,0,0,0,0,0,0,0,0,0,0,0,0,0,0,0,0,0,0,0,0,0,0,0,0,0,1,0,0,0,0,0,0,0,0,0,0,0,0,0,0,0,0,0,0,0,0,0,0,0,0,0,0,0,0,0,0,0
54,193342,2123.6099999999983,169.6,121.2,35.3,21.454,177,59,11,6,21,8,8,10,4,0,16,0,0,0,4,1,0,2,0,0,5,0,2,1,0,0,1,1,0,0,0,4,1,0,0,2,0,1,0,0,0,0,0,0,1,5,0,0,0,0,0,0,0,0,0,1,0,0,0,0,0,0,0,0,0,0,1,0,0,0,0,0,0,0,0,0,0,0,0,0,0,0,0,0,0,0,0,0,0,0,0,0,0,0,0,0,1,0,0,0,0,0,0,0,0,0,0,0,0,0,0,0,0,0,0,0,0,0,0,0,0,0,0,0,0,0,0,0
55,193342,2123.4699999999984,169.2,119.9,35.7,21.427,191,72,9,7,20,18,6,1,0,3,8,0,3,0,3,0,0,2,1,0,9,0,0,4,0,0,0,0,1,0,0,11,3,0,0,0,0,0,1,0,0,0,0,0,1,0,0,0,0,0,0,0,0,3,0,0,0,0,0,0,0,0,0,0,0,0,1,0,0,0,0,0,0,0,1,0,0,0,0,0,0,0,0,0,0,0,0,0,0,0,0,0,0,0,0,0,1,2,0,0,0,0,0,0,0,0,0,0,0,0,0,0,0,0,0,0,0,0,0,0,0,0,0,0,0,0,0,0
56,193342,2114.0999999999995,169.6,124.0,34.8,21.466,168,65,7,7,10,7,9,0,1,9,18,0,1,0,1,1,0,0,4,0,0,0,1,0,0,0,0,1,7,0,2,0,0,0,0,0,0,4,0,4,0,0,0,0,1,0,0,0,0,0,0,0,0,3,0,0,0,0,0,0,0,0,0,0,0,0,0,0,0,0,0,0,0,0,1,0,0,0,0,4,0,0,0,0,0,0,0,0,0,0,0,0,0,0,0,0,0,0,0,0,0,0,0,0,0,0,0,0,0,0,0,0,0,0,0,0,0,0,0,0,0,0,0,0,0,0,0,0
57,193342,2114.329999999998,169.5,122.7,34.2,21.519,192,70,15,7,20,6,4,7,11,0,7,0,4,0,3,0,0,1,1,0,2,0,0,10,0,0,0,0,6,0,7,2,0,0,0,0,0,3,0,2,0,0,0,0,0,0,0,0,0,2,0,0,0,1,0,0,0,0,1,0,0,0,0,0,0,0,0,0,0,0,0,0,0,0,0,0,0,0,0,0,0,0,0,0,0,0,0,0,0,0,0,0,0,0,0,0,0,0,0,0,0,0,0,0,0,0,0,0,0,0,0,0,0,0,0,0,0,0,0,0,0,0,0,0,0,0,0,0
58,193342,2122.4999999999986,169.5,123.2,34.1,20.581,183,50,13,15,18,7,12,3,6,3,18,0,3,0,0,0,0,4,1,0,2,4,0,9,0,0,0,0,1,0,0,10,0,0,0,0,0,0,0,1,0,0,0,0,0,0,0,0,0,0,0,0,0,0,0,0,0,1,0,0,0,0,0,0,0,0,0,0,0,0,0,0,0,0,0,0,0,0,0,0,0,0,1,0,0,0,0,0,0,0,0,0,0,0,0,0,0,1,0,0,0,0,0,0,0,0,0,0,0,0,0,0,0,0,0,0,0,0,0,0,0,0,0,0,0,0,0,0
59,193342,2122.349999999999,169.6,120.2,34.2,20.58,161,45,10,4,22,8,4,0,0,8,24,0,1,0,3,1,0,1,2,0,6,0,3,1,0,0,1,2,0,0,0,0,0,0,0,0,0,3,4,0,0,0,0,0,1,0,0,0,0,0,0,0,0,1,0,0,0,2,0,0,0,0,0,0,0,0,1,0,0,0,0,0,0,0,0,0,0,0,0,0,0,0,2,1,0,0,0,0,0,0,0,0,0,0,0,0,0,0,0,0,0,0,0,0,0,0,0,0,0,0,0,0,0,0,0,0,0,0,0,0,0,0,0,0,0,0,0,0
60,193342,2124.209999999998,169.6,116.5,34.7,21.427,162,73,3,9,21,2,2,6,2,2,13,0,9,0,1,2,0,1,1,0,1,0,0,0,0,0,0,0,1,0,0,1,0,0,0,0,0,0,6,0,0,0,0,0,1,0,0,0,0,0,0,0,0,1,0,0,0,0,0,0,0,0,0,0,0,0,2,0,0,0,0,0,0,0,0,0,0,2,0,0,0,0,0,0,0,0,0,0,0,0,0,0,0,0,0,0,0,0,0,0,0,0,0,0,0,0,0,0,0,0,0,0,0,0,0,0,0,0,0,0,0,0,0,0,0,0,0,0
61,193342,2125.6099999999983,169.5,115.0,35.0,21.506,135,42,3,6,25,4,2,7,0,1,16,0,6,0,0,1,0,2,0,0,6,0,0,0,0,0,0,2,0,0,0,1,0,0,0,0,0,0,5,1,0,0,0,0,0,0,0,0,0,0,0,1,0,4,0,0,0,0,0,0,0,0,0,0,0,0,0,0,0,0,0,0,0,0,0,0,0,0,0,0,0,0,0,0,0,0,0,0,0,0,0,0,0,0,0,0,0,0,0,0,0,0,0,0,0,0,0,0,0,0,0,0,0,0,0,0,0,0,0,0,0,0,0,0,0,0,0,0
62,193342,2123.329999999999,170.1,113.8,35.1,21.527,184,77,2,6,26,1,2,7,0,0,28,2,3,0,2,0,0,0,0,0,3,0,0,0,0,0,0,2,5,0,1,1,0,0,0,0,0,0,4,2,0,0,0,0,7,0,0,0,1,0,0,0,0,0,0,0,0,0,0,0,0,0,0,0,0,0,1,0,0,0,0,0,0,0,0,0,0,0,0,0,0,0,0,0,0,0,0,0,0,0,0,0,0,0,1,0,0,0,0,0,0,0,0,0,0,0,0,0,0,0,0,0,0,0,0,0,0,0,0,0,0,0,0,0,0,0,0,0
63,193342,2123.3599999999988,170.3,114.2,35.2,20.64,189,61,3,6,56,4,6,1,0,0,12,0,6,0,2,0,0,1,0,0,11,0,1,1,0,0,0,0,2,0,0,9,0,0,0,0,0,2,2,0,0,0,0,0,0,0,0,0,0,0,0,0,0,0,0,0,0,0,0,0,0,0,0,0,0,0,0,0,0,0,0,0,0,0,0,0,0,0,0,0,0,0,1,0,0,0,0,0,0,0,0,0,0,0,0,0,0,1,0,0,0,0,0,0,0,0,0,0,0,0,0,0,0,0,0,0,0,0,0,0,0,0,0,0,0,1,0,0
64,193342,2124.1499999999987,169.5,114.6,35.3,21.464,156,79,7,7,15,7,6,0,5,1,9,3,3,0,0,0,0,0,0,0,2,0,0,1,0,0,0,1,5,0,0,0,0,0,0,0,0,0,0,3,0,0,0,0,1,0,0,0,0,0,0,0,0,0,0,0,0,0,0,0,0,0,0,0,0,0,0,0,0,0,0,0,1,0,0,0,0,0,0,0,0,0,0,0,0,0,0,0,0,0,0,0,0,0,0,0,0,0,0,0,0,0,0,0,0,0,0,0,0,0,0,0,0,0,0,0,0,0,0,0,0,0,0,0,0,0,0,0
65,193342,2123.5999999999985,169.7,113.2,35.3,21.496,177,89,8,1,19,11,3,0,2,2,9,1,0,0,1,2,0,0,0,0,0,0,1,0,0,0,0,0,10,0,0,2,1,0,0,0,0,1,8,1,0,0,0,0,2,0,0,0,0,0,0,0,0,0,0,0,0,0,3,0,0,0,0,0,0,0,0,0,0,0,0,0,0,0,0,0,0,0,0,0,0,0,0,0,0,0,0,0,0,0,0,0,0,0,0,0,0,0,0,0,0,0,0,0,0,0,0,0,0,0,0,0,0,0,0,0,0,0,0,0,0,0,0,0,0,0,0,0
66,193342,2137.029999999999,170.4,96.1,34.8,3.07,143,32,0,1,9,1,0,0,0,0,15,0,1,0,0,0,0,0,0,0,0,0,2,1,0,0,0,0,0,0,0,2,0,0,0,0,0,0,0,0,0,0,0,0,0,0,0,2,0,0,0,0,0,0,0,0,0,0,0,0,0,0,0,0,0,0,0,0,0,0,0,0,0,0,0,0,0,0,4,0,0,0,0,0,0,0,0,0,0,0,0,0,0,0,0,0,0,0,0,0,0,0,0,0,0,0,0,0,0,0,0,0,0,0,0,0,0,0,0,0,0,0,0,0,0,0,0,0
67,193368,2150.619999999999,171.5,24.0,9.7,22.992,122,1,3,0,0,0,0,0,0,0,0,0,0,32,0,0,0,0,4,0,1,0,0,0,2,0,0,0,0,0,7,0,0,0,0,0,0,0,0,0,1,0,0,0,0,0,0,0,0,0,0,0,0,0,0,0,0,0,0,0,0,1,0,0,0,0,0,0,0,0,0,0,0,0,0,0,0,0,0,0,0,0,0,0,0,0,0,0,0,0,0,0,0,0,0,0,0,0,0,0,0,0,0,0,0,0,0,0,0,0,0,0,0,0,0,0,0,0,0,0,0,0,0,0,0,0,0,0
68,193368,2158.449999999999,171.7,91.3,39.8,24.699,254,79,20,24,3,9,2,15,2,0,1,3,6,0,7,0,11,0,29,0,0,0,2,0,4,0,4,3,0,0,8,0,0,0,2,1,0,0,0,0,0,0,0,0,4,0,0,0,0,0,0,0,3,0,0,0,0,0,0,0,0,0,0,0,0,0,0,9,0,0,2,0,0,0,0,0,0,0,1,0,0,0,0,0,0,0,0,0,0,0,0,0,0,0,0,0,0,0,0,0,0,0,0,0,0,0,0,0,0,0,0,0,0,0,0,0,0,0,0,0,0,0,0,0,0,0,0,0
69,193368,2163.6499999999987,171.9,91.1,39.5,24.736,249,85,39,30,4,2,0,10,8,0,2,8,1,0,7,7,13,0,15,0,0,1,2,0,1,0,2,0,3,0,0,0,0,0,0,0,0,2,0,0,0,0,0,0,2,0,0,0,0,0,0,0,0,0,0,0,0,0,0,0,0,0,0,0,2,0,0,3,0,0,0,0,0,0,0,0,0,0,0,0,0,0,0,0,0,0,0,0,0,0,0,0,0,0,0,0,0,0,0,0,0,0,0,0,0,0,0,0,0,0,0,0,0,0,0,0,0,0,0,0,0,0,0,0,0,0,0,0
70,193368,2163.4999999999977,171.5,88.9,40.2,24.646,229,85,30,29,5,1,2,15,8,0,1,10,3,0,9,0,7,0,2,0,1,0,0,0,4,0,0,1,0,0,0,0,0,0,4,0,0,0,0,0,0,0,0,0,0,0,0,0,0,0,0,2,2,0,0,0,0,0,0,0,0,0,0,0,1,0,0,4,0,0,1,0,0,0,0,0,0,0,0,0,0,0,0,0,0,0,0,2,0,0,0,0,0,0,0,0,0,0,0,0,0,0,0,0,0,0,0,0,0,0,0,0,0,0,0,0,0,0,0,0,0,0,0,0,0,0,0,0
71,193368,2163.0999999999985,171.6,88.0,40.8,24.655,212,73,31,30,2,0,4,8,12,0,3,7,10,0,3,0,6,0,5,0,0,0,1,0,0,0,0,0,4,0,2,0,0,0,0,0,0,0,0,0,0,0,0,2,0,0,0,0,0,0,0,0,0,0,0,0,0,0,0,0,1,0,0,0,0,0,0,6,0,0,0,0,0,0,0,0,0,0,0,0,0,0,0,0,0,0,0,1,0,0,0,0,0,0,0,0,0,0,0,0,0,0,0,0,0,0,0,0,0,0,0,0,0,1,0,0,0,0,0,0,0,0,0,0,0,0,0,0
72,193368,2162.969999999999,171.5,86.3,41.1,24.646,218,93,10,30,14,1,4,12,5,0,2,9,15,0,2,1,3,0,2,0,0,1,4,0,0,0,0,0,0,0,0,0,0,0,0,0,0,0,0,0,0,0,0,2,0,0,0,0,0,0,0,0,0,0,0,0,1,0,0,0,2,0,0,0,0,0,0,4,0,0,0,0,0,0,0,0,0,0,0,1,0,0,0,0,0,0,0,0,0,0,0,0,0,0,0,0,0,0,0,0,0,0,0,0,0,0,0,0,0,0,0,0,0,0,0,0,0,0,0,0,0,0,0,0,0,0,0,0
73,193368,2149.1599999999994,171.4,73.0,25.7,1.288,180,23,3,3,0,0,0,3,7,0,0,0,0,0,0,0,2,0,0,0,0,0,0,0,0,0,0,0,0,0,0,0,0,0,0,0,0,0,0,0,0,0,0,3,0,0,0,0,0,0,0,0,0,0,0,0,0,0,0,0,0,0,0,0,0,0,0,0,0,0,0,0,0,0,0,0,0,0,0,0,0,0,0,0,0,0,0,0,0,0,0,0,0,0,0,0,0,0,0,0,0,0,0,0,0,0,0,0,0,0,0,0,0,0,0,0,0,0,0,0,0,0,0,0,0,0,0,0
74,193459,2137.029999999999,183.6,96.1,34.8,14.47,143,9,11,0,1,3,12,1,0,0,2,0,0,10,0,3,0,0,0,0,3,0,3,0,0,1,0,0,0,0,0,0,0,0,0,1,0,0,0,0,0,1,0,0,2,0,0,0,0,0,0,0,0,0,0,0,0,0,0,0,0,0,1,0,0,0,0,0,0,0,0,0,0,0,0,6,0,0,1,0,0,0,0,0,0,0,2,0,0,0,0,0,0,0,0,0,0,0,0,0,0,0,0,0,0,0,0,0,0,0,0,0,0,0,0,0,0,0,0,0,0,0,0,0,0,0,0,0
75,193459,2147.7899999999986,194.2,95.9,40.1,16.788,189,62,38,4,15,3,4,1,12,3,1,1,2,0,1,2,0,0,1,0,0,0,0,0,1,0,0,0,0,0,0,0,0,0,1,3,0,0,0,0,0,0,0,0,0,0,0,0,0,0,0,0,11,0,0,0,0,0,0,0,0,0,9,0,0,0,0,0,0,0,0,0,0,0,0,13,0,0,0,0,0,0,0,0,0,0,0,0,1,0,0,0,0,0,0,0,0,0,0,0,0,0,0,0,0,0,0,0,0,0,0,0,0,0,0,0,0,0,0,0,0,0,0,0,0,0,0,0
76,193459,2159.749999999998,194.7,98.0,37.8,6.33,173,33,11,9,15,0,2,0,1,2,2,2,0,0,3,2,0,0,0,0,0,0,0,0,0,0,0,0,0,0,0,0,0,0,1,0,0,0,0,0,0,0,0,0,0,0,0,0,0,0,0,0,6,0,0,0,0,0,1,0,0,1,0,0,0,0,0,0,0,0,0,0,0,0,0,2,1,0,0,0,0,1,0,0,0,0,0,0,0,0,0,0,0,0,0,0,0,0,0,0,0,0,0,0,0,0,0,0,0,0,0,0,0,0,0,0,0,0,0,0,0,0,0,0,0,0,0,0
77,193462,2176.839999999999,171.8,91.8,40.3,22.28,298,28,34,19,24,1,12,0,0,6,1,6,3,15,0,1,2,0,0,66,0,2,7,1,3,1,0,2,0,19,4,0,0,0,2,3,4,0,0,0,0,0,0,0,2,12,0,3,1,0,0,0,0,1,0,2,0,0,0,0,1,4,6,0,0,0,0,0,0,0,0,0,0,0,0,0,0,0,0,0,0,0,0,0,0,0,0,0,0,0,0,0,0,0,0,0,0,0,0,0,0,0,0,0,0,0,0,0,0,0,0,0,0,0,0,0,0,0,0,0,0,0,0,0,0,0,0,0
78,193462,2173.7199999999984,172.6,86.0,40.4,22.363,265,39,19,26,77,3,12,4,4,2,0,6,13,0,2,1,1,0,0,0,0,1,0,4,4,7,0,2,1,6,2,0,1,0,2,0,0,0,0,0,0,0,0,0,2,0,0,0,4,0,0,0,2,0,0,0,1,2,0,0,0,5,4,1,0,0,0,0,0,1,0,0,1,0,0,0,0,0,0,0,1,0,0,0,0,0,0,0,1,0,0,0,0,0,0,0,0,0,0,0,0,0,0,0,0,0,0,0,0,0,0,0,0,0,0,0,0,0,1,0,0,0,0,0,0,0,0,0
79,193462,2165.429999999999,172.2,81.9,41.3,22.356,230,42,30,17,61,2,7,3,3,0,0,0,6,0,1,0,0,1,1,0,0,2,5,0,1,1,0,0,0,5,2,0,0,0,5,0,0,0,0,0,0,0,0,0,1,2,0,0,0,0,0,0,0,0,0,0,9,1,0,0,0,9,3,0,0,0,0,0,5,0,0,0,2,0,0,0,0,0,0,0,0,0,0,0,2,0,0,0,1,0,0,0,0,0,0,0,0,0,0,0,0,0,0,0,0,0,0,0,0,0,0,0,0,0,0,0,0,0,0,0,0,0,0,0,0,0,0,0
80,193462,2165.969999999999,172.6,83.1,41.4,21.49,256,46,21,33,35,0,43,6,4,3,1,1,3,0,4,0,1,0,2,0,0,2,2,5,4,1,0,2,0,0,1,0,0,0,4,3,2,1,0,0,2,0,0,0,0,0,0,0,1,0,0,0,0,0,0,0,2,0,0,0,0,10,3,0,0,0,0,0,2,0,0,0,1,0,0,0,0,0,0,0,0,0,0,0,0,0,0,0,2,0,0,3,0,0,0,0,0,0,0,0,0,0,0,0,0,0,0,0,0,0,0,0,0,0,0,0,0,0,0,0,0,0,0,0,0,0,0,0
81,193462,2160.4399999999987,173.0,87.6,37.6,2.495,192,27,8,26,9,1,0,0,2,0,2,3,0,0,0,1,0,0,0,0,0,1,0,0,0,0,0,0,0,0,0,0,0,0,0,0,0,0,0,0,0,0,0,0,0,0,0,0,0,0,0,0,0,0,0,0,0,0,0,0,0,0,3,0,0,0,0,0,0,0,0,1,0,0,0,0,0,0,0,0,0,0,0,0,0,0,0,0,0,0,0,0,0,0,0,0,0,0,0,0,0,0,0,0,0,0,0,0,0,0,0,0,0,0,0,0,0,0,0,0,0,0,0,0,0,0,0,0
82,193463,2159.749999999998,171.4,98.0,37.8,9.195,173,1,13,0,0,1,0,0,0,0,0,0,0,30,0,0,0,0,0,20,0,0,0,0,0,1,0,0,0,0,0,0,0,10,0,0,0,0,0,0,0,0,0,0,0,0,0,2,0,0,0,0,0,0,0,0,0,0,0,0,0,0,0,0,0,0,0,0,0,0,0,0,0,0,0,0,0,0,0,0,0,0,0,0,0,0,0,0,0,0,0,0,0,0,0,0,0,0,0,0,0,0,0,0,0,0,0,0,0,0,0,0,0,0,0,0,0,0,0,0,0,0,0,0,0,0,0,0
83,193463,2175.4399999999987,169.5,89.0,40.2,14.932,188,72,18,29,1,3,0,2,0,10,0,1,3,0,2,1,3,0,0,0,1,0,2,1,0,9,0,0,0,4,3,0,0,0,4,0,2,0,0,0,2,0,0,0,0,0,0,1,0,0,0,0,0,0,2,0,4,0,0,0,0,0,4,0,1,0,0,0,0,0,0,0,3,0,0,0,0,0,0,0,0,0,0,0,0,0,0,0,0,0,0,0,0,0,0,0,0,0,0,0,0,0,0,0,0,0,0,0,0,0,0,0,0,0,0,0,0,0,0,0,0,0,0,0,0,0,0,0
84,193463,2177.7299999999987,171.6,93.8,39.5,14.934,197,80,33,26,2,6,10,0,2,6,1,0,2,0,0,3,3,1,1,0,0,0,1,0,3,8,0,0,0,0,0,0,0,0,2,0,2,0,0,0,0,0,0,0,0,0,0,0,0,0,0,0,0,0,2,0,0,0,0,0,0,0,0,0,0,0,0,0,0,0,0,0,0,0,0,0,0,0,0,0,3,0,0,0,0,0,0,0,0,0,0,0,0,0,0,0,0,0,0,0,0,0,0,0,0,0,0,0,0,0,0,0,0,0,0,0,0,0,0,0,0,0,0,0,0,0,0,0
85,193463,2184.049999999999,173.0,97.4,38.7,14.951,203,91,20,6,4,8,10,2,4,11,0,0,2,0,2,0,6,3,0,0,0,6,1,2,2,5,0,2,0,0,4,0,0,0,0,0,3,0,0,0,0,0,0,0,0,0,0,0,0,0,0,0,0,0,0,3,0,1,0,0,0,0,0,0,0,0,2,0,0,0,0,0,0,0,0,0,0,0,0,0,2,0,0,0,0,0,0,0,1,0,0,0,0,0,0,0,0,0,0,0,0,0,0,0,0,0,0,0,0,0,0,0,0,0,0,0,0,0,0,0,0,0,0,0,0,0,0,0
86,193463,2184.099999999998,173.3,96.4,38.7,14.912,206,119,15,13,1,9,2,3,1,8,2,4,3,0,1,0,8,0,2,0,0,1,0,0,0,5,0,0,0,0,2,0,0,0,1,0,0,0,0,0,0,0,0,0,0,0,0,0,0,0,0,0,4,0,0,0,0,0,0,0,0,0,0,0,0,0,0,0,0,0,0,0,0,0,1,0,0,0,0,0,0,0,0,0,0,0,0,0,0,0,0,0,0,0,1,0,0,0,0,0,0,0,0,0,0,0,0,0,0,0,0,0,0,0,0,0,0,0,0,0,0,0,0,0,0,0,0,0
87,193463,2184.099999999998,172.9,92.5,39.4,14.907,185,104,15,11,3,7,2,3,1,2,0,2,1,0,3,2,4,2,8,0,0,0,2,0,2,0,0,0,0,0,0,0,0,0,0,0,0,0,0,0,0,0,0,0,1,0,0,0,0,0,0,0,2,0,0,0,0,0,0,0,0,0,0,5,0,0,0,0,0,0,0,3,0,0,0,0,0,0,0,0,0,0,0,0,0,0,0,0,0,0,0,0,0,0,0,0,0,0,0,0,0,0,0,0,0,0,0,0,0,0,0,0,0,0,0,0,0,0,0,0,0,0,0,0,0,0,0,0
88,193463,2184.0399999999986,172.8,93.2,39.3,14.862,169,86,28,9,1,0,2,3,2,15,1,0,1,0,0,0,2,1,3,0,3,2,0,0,0,6,0,0,0,0,0,0,0,0,0,0,2,0,0,0,0,0,0,0,1,0,0,0,0,0,0,0,0,0,0,0,0,0,0,0,0,0,1,0,0,0,0,0,0,0,0,0,0,0,0,0,0,0,0,0,0,0,0,0,0,0,0,0,0,0,0,0,0,0,0,0,0,0,0,0,0,0,0,0,0,0,0,0,0,0,0,0,0,0,0,0,0,0,0,0,0,0,0,0,0,0,0,0
89,193463,2184.2599999999998,173.1,88.8,36.4,10.703,162,66,14,15,1,0,8,1,0,21,0,2,1,0,3,0,7,0,1,0,1,5,0,0,0,1,0,0,0,6,0,0,0,0,0,0,2,0,0,0,0,0,0,0,0,0,0,0,0,0,0,0,0,0,0,0,0,1,0,0,4,0,0,1,0,0,0,0,0,0,0,0,0,0,0,0,0,0,0,0,0,0,0,0,0,0,0,0,0,0,0,1,0,0,0,0,0,0,0,0,0,0,0,0,0,0,0,0,0,0,0,0,0,0,0,0,0,0,0,0,0,0,0,0,0,0,0,0
90,193533,2131.1799999999985,195.7,93.8,36.2,15.236,175,16,0,2,0,1,0,0,1,0,0,0,0,0,1,0,0,0,0,28,0,0,1,0,1,2,0,0,4,0,0,0,0,16,0,5,0,0,0,0,0,0,0,0,0,0,0,0,0,0,0,0,0,0,3,0,0,0,0,0,0,0,0,0,0,0,0,0,0,0,0,0,0,0,0,0,0,0,0,0,0,0,0,0,0,0,0,0,0,0,0,0,0,0,0,0,0,0,0,0,0,0,0,0,0,0,0,0,0,0,0,0,0,0,0,0,0,0,0,0,0,0,0,0,0,0,0,0
91,193533,2140.099999999999,196.6,98.4,32.8,24.909,206,106,6,4,3,9,0,1,28,0,3,2,8,0,6,0,1,0,3,0,4,0,2,0,0,2,0,3,2,0,0,0,0,0,0,0,0,3,0,0,7,0,0,0,0,0,0,1,1,0,0,0,0,0,0,0,0,0,0,0,0,0,0,0,0,0,0,0,0,0,0,0,0,0,0,0,0,0,0,1,0,0,0,0,0,0,0,0,0,0,0,0,0,0,0,0,0,0,0,0,0,0,0,0,0,0,0,0,0,0,0,0,0,0,0,0,0,0,0,0,0,0,0,0,0,0,0,0
92,193533,2140.599999999999,196.9,100.1,39.1,24.93,179,84,2,3,0,7,8,0,24,8,1,0,8,0,6,5,1,1,0,0,2,10,0,0,0,0,0,0,2,0,0,0,0,0,0,0,0,0,0,0,2,0,0,1,0,0,0,1,0,0,0,0,0,0,0,0,0,0,0,0,0,0,0,0,0,0,0,0,0,0,0,1,0,0,1,0,0,0,0,0,0,1,0,0,0,0,0,0,0,0,0,0,0,0,0,0,0,0,0,0,0,0,0,0,0,0,0,0,0,0,0,0,0,0,0,0,0,0,0,0,0,0,0,0,0,0,0,0
93,193533,2140.8499999999985,197.0,101.9,39.0,24.984,192,90,0,11,0,5,10,6,6,3,2,3,9,0,1,7,2,0,1,0,0,2,4,0,0,4,0,15,4,0,0,0,0,0,0,0,0,0,0,0,4,0,0,0,0,0,0,1,0,0,0,0,0,0,0,0,0,0,0,0,0,0,0,0,0,0,0,0,0,0,0,1,0,0,0,0,0,0,0,0,0,0,0,0,0,0,0,0,0,0,0,0,0,0,0,0,0,0,0,0,0,0,0,1,0,0,0,0,0,0,0,0,0,0,0,0,0,0,0,0,0,0,0,0,0,0,0,0
94,193533,2140.0499999999984,196.4,99.3,39.4,24.963,184,94,1,14,0,0,2,9,20,2,1,4,13,0,2,2,3,0,0,0,0,0,0,0,3,6,0,2,4,0,0,0,0,0,0,0,0,0,0,0,0,0,0,0,0,0,0,0,0,0,0,0,0,0,0,0,0,0,0,0,0,0,0,0,0,0,2,0,0,0,0,0,0,0,0,0,0,0,0,0,0,0,0,0,0,0,0,0,0,0,0,0,0,0,0,0,0,0,0,0,0,0,0,0,0,0,0,0,0,0,0,0,0,0,0,0,0,0,0,0,0,0,0,0,0,0,0,0
95,193533,2140.249999999999,197.1,98.4,39.7,24.959,169,75,3,13,0,6,10,3,17,10,0,4,8,0,0,1,1,0,0,0,0,1,0,0,0,1,0,8,0,0,0,0,0,0,0,0,0,0,0,0,3,0,0,1,0,0,0,3,0,0,0,0,0,0,0,0,0,0,0,0,0,0,0,0,0,0,0,0,0,0,0,0,0,0,0,0,0,0,1,0,0,0,0,0,0,0,0,0,0,0,0,0,0,0,0,0,0,0,0,0,0,0,0,0,0,0,0,0,0,0,0,0,0,0,0,0,0,0,0,0,0,0,0,0,0,0,0,0
96,193533,2124.5999999999985,197.1,99.5,39.8,24.943,175,78,6,14,1,9,6,6,9,7,0,3,8,0,1,0,3,0,0,0,0,0,0,0,0,2,0,15,0,0,0,0,0,0,0,0,0,2,0,0,1,0,0,1,0,0,0,0,0,0,0,1,0,0,0,2,0,0,0,0,0,0,0,0,0,0,0,0,0,0,0,0,0,0,0,0,0,0,0,0,0,0,0,0,0,0,0,0,0,0,0,0,0,0,0,0,0,0,0,0,0,0,0,0,0,0,0,0,0,0,0,0,0,0,0,0,0,0,0,0,0,0,0,0,0,0,0,0
97,193533,2106.659999999998,196.7,88.7,40.1,3.047,200,34,0,2,0,1,2,0,1,0,0,0,0,0,0,1,0,0,1,0,0,0,0,0,0,0,0,0,0,0,0,0,0,0,0,0,0,0,0,0,0,0,0,0,0,0,0,0,0,0,0,0,0,0,0,0,0,0,0,0,0,0,0,0,0,0,0,0,0,0,0,0,0,0,0,0,0,0,0,0,0,0,0,0,0,0,0,0,0,0,0,0,0,0,0,0,0,0,0,0,0,0,0,0,0,0,0,0,0,0,0,0,0,0,0,0,0,0,0,0,0,0,0,0,0,0,0,0
98,193535,2148.2999999999993,116.4,83.4,31.2,19.33,249,31,0,0,0,1,11,0,5,21,5,0,1,64,1,2,0,0,2,0,0,0,4,0,7,0,2,0,0,0,0,0,6,0,0,0,0,0,3,0,0,1,0,0,0,0,0,1,0,0,2,0,0,0,0,0,0,0,0,0,0,0,0,0,0,0,0,0,0,0,0,0,0,0,0,0,0,0,0,0,0,0,0,0,0,0,0,0,0,0,0,0,0,0,0,0,0,0,0,0,0,0,0,0,0,0,0,0,0,0,0,1,0,0,0,0,0,0,0,0,0,0,0,0,0,0,0,0
99,193535,2155.3699999999985,116.3,83.4,34.5,20.743,244,71,0,0,5,9,4,2,12,25,11,0,5,0,2,0,0,1,4,0,1,8,0,1,0,0,6,0,1,0,0,0,2,0,0,0,0,0,0,0,2,0,0,0,0,0,0,0,0,0,69,0,0,1,0,0,0,0,0,0,0,0,0,0,0,0,0,0,1,0,0,0,0,0,0,0,0,0,0,1,0,0,0,0,0,0,0,0,0,0,0,0,0,0,0,0,0,0,0,0,0,0,0,0,0,0,0,0,0,0,0,0,0,0,0,0,0,0,0,0,0,0,0,0,0,0,0,0
100,193535,2160.259999999998,116.6,85.2,35.1,7.94,195,48,2,0,6,7,10,5,14,6,10,0,0,0,2,0,0,0,1,0,0,1,2,0,0,0,1,0,0,0,1,0,0,0,0,0,0,0,0,0,2,3,0,0,0,0,0,0,0,0,1,0,0,0,0,0,0,0,0,0,1,0,0,0,0,0,0,0,0,0,0,0,0,0,0,0,0,0,0,0,0,0,0,0,0,0,0,0,0,0,0,0,0,0,0,0,0,0,0,0,0,0,0,0,0,0,0,0,0,0,0,0,0,0,0,0,0,0,0,0,0,0,0,0,0,0,0,0
101,193537,2191.0999999999985,173.6,82.1,39.8,25.13,317,61,6,41,1,28,12,13,2,30,0,27,1,32,7,5,1,0,1,0,1,0,3,0,0,2,0,2,4,0,3,0,0,0,0,0,10,2,0,0,0,0,0,5,0,0,0,0,0,0,0,0,0,0,0,0,4,2,0,0,3,0,0,1,1,0,0,0,1,0,0,0,0,2,1,0,0,0,0,0,0,0,0,0,0,0,0,0,0,0,2,0,0,0,0,0,0,0,0,0,0,0,0,0,0,0,0,0,0,0,0,0,0,0,0,0,0,0,0,0,0,0,0,0,0,0,0,0
102,193537,2179.7299999999987,174.0,81.4,39.7,24.459,288,70,6,28,1,6,6,28,3,16,1,61,2,0,6,4,3,0,1,0,0,2,0,0,0,3,0,2,5,0,0,0,0,0,0,0,3,12,0,0,0,0,0,4,1,0,0,1,0,0,0,0,0,0,0,1,1,0,0,0,0,0,0,4,5,0,0,0,0,0,0,1,0,0,0,0,0,0,0,0,0,0,0,0,0,0,0,0,0,0,0,0,0,0,0,0,0,0,0,0,0,0,0,0,0,0,0,0,0,0,0,0,0,0,0,1,0,0,0,0,0,0,0,0,0,0,0,0
103,193537,2137.6399999999994,174.1,79.6,39.1,1.199,113,26,0,3,0,1,4,5,0,8,0,12,0,0,1,1,0,0,0,0,0,0,0,0,0,3,0,2,0,0,0,0,0,0,0,0,4,0,0,0,0,0,0,3,0,0,0,0,0,0,0,0,0,0,0,0,0,0,0,0,0,0,0,1,0,0,0,0,0,0,0,1,0,0,0,0,0,0,0,0,0,0,0,0,0,0,0,0,0,0,0,0,0,0,0,0,0,0,0,0,0,0,0,0,0,0,0,0,0,0,0,0,0,0,0,0,0,0,0,0,0,0,0,0,0,0,0,0
104,193594,2162.7599999999975,171.4,87.6,37.6,17.406,192,29,25,4,7,0,0,2,2,1,1,0,8,0,3,0,1,1,0,0,2,0,0,2,1,4,4,0,0,0,0,0,0,0,4,0,0,0,0,0,0,0,0,0,5,0,0,0,0,0,0,0,0,0,0,0,0,0,0,0,0,0,0,0,0,0,0,0,0,0,0,1,0,0,0,0,0,0,0,0,0,0,0,0,0,0,0,0,0,0,0,0,0,0,0,0,0,0,0,0,0,0,0,0,0,0,0,0,0,0,0,0,0,0,0,1,0,0,0,0,0,0,0,0,0,0,0,0
105,193594,2151.1699999999987,171.8,88.9,39.7,19.785,212,76,16,16,1,8,16,12,9,1,0,3,5,0,10,1,0,2,7,0,0,0,2,4,1,4,0,1,2,0,0,0,1,0,2,0,0,0,0,0,0,0,0,0,3,0,0,0,0,0,0,0,0,0,0,0,0,0,0,0,0,0,0,1,0,0,0,0,3,0,0,1,0,0,3,0,0,0,0,0,0,0,0,0,0,0,0,0,1,0,0,0,0,0,0,0,0,0,0,0,0,0,0,0,0,0,0,0,0,0,0,0,0,0,0,0,0,0,0,0,0,0,0,0,0,0,0,0
106,193594,2145.199999999999,171.9,91.1,39.1,19.792,188,73,15,10,8,1,10,17,8,4,0,0,1,0,4,0,1,0,10,0,4,0,0,0,1,9,0,0,1,0,0,0,0,0,0,1,1,0,0,0,0,0,8,0,1,0,0,0,0,0,0,0,0,0,0,0,0,0,0,0,0,0,0,0,0,0,0,0,0,0,0,0,0,0,0,0,0,0,0,0,0,0,0,0,0,0,0,0,0,0,0,0,0,0,0,0,0,0,0,0,0,0,0,0,0,0,0,0,0,0,0,0,0,0,0,0,0,0,0,0,0,0,0,0,0,0,0,0
107,193594,2144.969999999999,171.9,90.6,39.8,18.963,154,56,4,10,5,2,2,12,3,3,0,0,1,0,18,0,2,5,2,0,8,2,5,4,0,3,0,0,0,0,0,0,0,0,2,0,0,0,0,0,0,0,5,0,0,0,0,0,0,0,0,0,0,0,0,0,0,0,0,0,0,0,0,0,0,0,0,0,0,0,0,0,0,0,0,0,0,0,0,0,0,0,0,0,0,0,0,0,0,0,0,0,0,0,0,0,0,0,0,0,0,0,0,0,0,0,0,0,0,0,0,0,0,0,0,0,0,0,0,0,0,0,0,0,0,0,0,0
108,193594,2144.8799999999983,171.9,95.1,39.4,19.744,166,48,25,10,1,0,6,17,2,1,0,0,3,0,10,0,2,1,4,0,12,0,0,0,1,2,0,0,0,0,0,0,0,0,8,0,0,0,0,0,0,0,5,0,0,0,0,3,0,0,0,0,0,0,0,0,0,0,0,0,0,0,0,0,0,1,0,0,2,0,0,0,0,1,1,0,0,0,0,0,0,0,0,0,0,0,0,0,0,0,0,0,0,0,0,0,0,0,0,0,0,0,0,0,0,0,0,0,0,0,0,0,0,0,0,0,0,0,0,0,0,0,0,0,0,0,0,0
109,193594,2144.969999999999,171.7,89.8,40.3,18.91,176,62,6,10,3,1,4,37,2,1,0,0,5,0,8,0,0,4,7,0,4,0,1,0,0,1,1,0,3,0,1,0,0,0,0,0,0,0,0,0,1,0,5,0,2,0,0,0,2,0,0,0,0,0,0,0,0,0,0,0,0,0,0,0,0,0,0,0,1,0,0,1,0,1,0,0,0,0,0,0,0,0,0,0,0,1,0,0,0,0,0,0,0,0,0,0,0,0,0,0,0,0,0,0,0,0,0,0,1,0,0,0,0,0,0,0,0,0,0,0,0,0,0,0,0,0,0,0
110,193594,2147.9199999999983,172.1,92.1,39.2,14.049,216,60,23,34,6,11,6,33,4,0,0,0,1,0,7,2,7,0,1,0,1,0,4,0,4,1,0,0,1,0,0,0,0,0,1,0,0,0,0,0,0,0,1,1,0,0,0,0,2,0,0,0,0,0,0,0,0,0,0,0,1,0,0,0,0,0,0,0,0,0,0,1,0,0,0,0,0,0,0,0,1,0,0,0,0,0,0,0,0,0,0,0,0,0,0,0,0,0,0,0,0,0,0,0,0,0,0,0,0,0,0,0,0,0,0,0,0,0,0,0,0,0,0,0,0,0,0,0
111,193619,2144.9399999999982,192.1,79.6,39.1,23.172,113,9,4,2,0,3,8,0,0,1,0,0,0,0,0,4,0,0,0,0,0,0,0,0,0,2,0,0,0,0,0,0,0,0,0,0,0,0,0,0,0,0,0,0,2,0,0,1,0,0,0,0,0,0,0,0,0,0,0,0,0,0,0,0,0,0,0,0,0,0,0,0,0,0,0,0,0,0,0,0,0,0,0,0,0,0,0,0,0,0,0,0,0,0,0,0,0,0,0,2,0,0,0,0,0,0,0,0,0,0,0,0,0,0,0,0,0,0,0,0,0,0,0,0,0,0,0,0
112,193619,2132.4299999999994,193.2,99.6,39.2,23.387,240,94,36,11,0,9,3,4,6,2,6,6,12,0,1,10,0,0,7,0,0,0,1,0,4,2,0,1,0,0,0,0,0,0,0,3,3,0,0,0,0,2,0,2,0,0,0,3,0,0,0,0,0,0,0,0,0,0,0,0,0,0,0,0,0,0,2,0,0,0,0,1,0,0,0,0,3,2,0,0,0,0,0,0,0,0,0,2,0,0,0,0,0,0,0,0,0,0,0,0,0,0,0,0,0,0,0,0,0,0,0,0,2,0,0,0,0,0,0,0,0,0,0,0,0,0,0,0
113,193619,2132.0699999999993,191.4,102.1,39.5,24.446,214,101,17,8,0,1,11,12,6,5,7,6,15,0,3,5,0,1,9,0,0,0,1,0,1,0,0,0,0,0,0,0,0,0,0,0,0,0,0,0,0,0,0,0,0,0,0,0,0,0,0,0,0,0,0,3,0,0,0,0,0,0,1,0,0,0,0,0,0,0,0,0,0,0,0,0,0,0,0,0,0,0,0,0,0,0,0,0,0,0,0,0,0,1,0,0,0,0,0,0,0,0,0,0,0,0,0,0,0,0,0,0,0,0,0,0,0,0,0,0,0,0,0,0,0,0,0,0
114,193619,2131.0699999999983,193.0,103.6,39.6,24.421,191,85,32,4,4,2,0,17,6,9,8,2,6,0,0,3,0,0,6,0,0,0,0,0,0,1,0,0,0,0,0,0,0,0,0,0,0,0,0,0,0,0,0,1,0,0,0,0,0,0,0,0,0,0,0,0,0,0,0,0,3,0,0,0,0,0,0,0,0,0,0,0,0,0,1,0,0,0,0,0,0,0,0,0,0,0,0,0,0,0,0,0,0,0,0,0,0,0,0,0,0,0,0,0,0,0,0,0,0,0,1,0,0,0,0,0,0,0,0,0,0,0,0,0,0,0,0,0
115,193619,2130.7399999999993,193.2,102.8,38.9,12.19,205,64,28,0,1,7,2,8,4,3,3,3,3,16,0,0,0,0,0,0,1,1,0,0,1,0,0,2,0,0,0,0,0,0,0,0,0,1,0,0,0,0,0,0,0,0,0,0,0,0,0,1,0,0,0,2,0,0,0,0,4,0,0,0,0,0,0,0,0,0,0,0,0,0,0,0,0,0,0,0,0,0,0,0,0,0,0,0,0,0,0,0,0,2,0,0,0,0,0,0,0,0,0,0,0,0,0,0,0,0,0,0,0,0,0,0,0,0,0,0,0,0,0,0,0,0,0,0
116,193671,2130.6499999999987,192.9,102.8,38.9,8.055,205,8,5,1,0,0,0,3,0,0,1,0,0,0,0,0,0,0,0,7,0,0,1,0,0,0,0,0,1,0,0,0,0,0,0,0,0,0,0,0,0,0,1,0,0,0,0,0,0,0,0,0,0,0,0,0,0,0,0,19,0,0,0,1,0,0,0,0,0,0,0,0,0,0,0,0,0,0,0,0,0,0,0,0,0,0,0,0,0,0,0,0,0,0,0,0,0,0,0,0,0,0,0,0,0,0,0,0,0,0,0,0,0,0,0,0,0,0,0,0,0,0,0,0,0,0,0,0
117,193671,2131.8999999999983,192.7,100.0,38.6,16.654,206,108,27,3,0,1,2,4,1,0,5,0,6,0,16,14,0,0,1,0,0,0,0,0,4,0,0,0,0,0,0,0,0,0,0,0,0,0,0,0,0,0,0,2,0,0,0,0,0,0,0,0,0,0,0,0,0,0,0,10,1,0,0,0,0,0,0,0,0,0,0,0,0,0,0,0,0,0,0,0,0,0,0,0,0,0,0,0,0,0,0,0,0,0,0,0,0,0,0,0,0,0,0,0,0,0,0,0,0,0,0,0,0,0,0,0,0,0,0,0,0,0,0,0,0,0,1,0
118,193671,2134.0499999999984,193.2,96.5,39.0,15.971,190,72,59,0,0,7,6,6,4,0,7,0,0,0,3,13,0,0,0,0,0,0,0,0,0,0,0,0,0,0,0,0,0,0,0,0,0,1,0,0,0,0,0,1,0,0,1,0,0,0,0,0,2,0,0,0,0,0,0,0,0,0,0,2,3,0,0,0,0,0,0,2,0,0,0,0,0,0,0,0,0,0,0,0,0,0,0,0,0,0,0,0,0,0,0,0,0,0,0,0,0,0,0,0,0,0,0,0,0,0,0,0,0,0,0,0,1,0,0,0,0,0,0,0,0,0,0,0
119,193671,2131.1799999999985,193.3,93.8,36.2,6.347,175,56,8,1,0,6,4,0,3,1,4,0,0,0,2,2,0,1,1,0,0,0,0,0,1,2,0,0,0,0,0,0,0,0,0,0,0,0,0,0,0,0,0,2,0,0,0,0,0,0,0,0,0,0,0,0,0,0,0,0,0,0,0,0,0,0,0,0,0,0,0,0,0,0,0,0,0,0,0,0,0,0,0,0,0,0,0,0,0,0,0,0,0,0,0,0,0,0,0,0,0,0,0,0,0,0,0,0,0,0,0,0,0,0,0,0,0,0,0,0,0,0,0,0,0,0,0,0
120,193686,2133.4999999999986,124.0,57.2,31.5,17.925,234,28,0,7,1,51,2,5,0,6,0,0,5,0,1,2,0,25,0,0,13,0,5,2,0,2,17,0,1,0,0,0,0,0,0,1,4,0,0,0,0,0,0,0,0,0,0,0,0,0,0,0,0,0,0,0,0,0,0,0,0,0,0,0,0,0,0,0,0,0,0,0,0,0,0,0,0,0,0,0,0,0,0,0,0,0,0,0,0,0,0,0,0,0,0,3,0,0,3,0,0,0,0,0,0,0,0,0,0,0,0,0,0,0,0,0,0,0,0,0,0,0,0,0,0,0,0,0
121,193686,2149.149999999999,123.9,42.7,29.3,18.973,226,59,0,2,15,79,0,7,0,4,0,3,10,0,4,0,0,0,2,0,1,0,0,10,0,0,1,1,0,0,0,0,17,0,0,0,2,2,0,0,0,0,0,0,0,0,0,0,0,0,0,0,0,0,0,0,0,0,0,0,0,0,0,0,0,0,0,0,5,0,0,0,0,0,0,0,0,0,0,1,0,0,0,0,0,0,0,0,0,0,0,0,0,0,0,1,0,0,0,0,0,0,0,0,0,0,0,0,0,0,0,0,0,0,0,0,0,0,0,0,0,0,0,0,0,0,0,0
122,193686,2135.7799999999975,124.4,91.8,36.2,2.821,295,45,0,5,13,6,0,4,1,1,0,4,0,0,0,3,0,0,0,0,0,0,0,0,0,0,0,0,0,0,0,0,0,0,0,0,0,0,0,0,0,0,0,0,0,0,0,0,0,0,0,0,0,0,0,0,0,0,0,0,0,0,0,0,0,0,0,0,0,0,0,0,0,0,0,0,0,0,0,0,0,0,0,0,0,0,0,0,0,0,0,0,0,0,0,0,0,0,0,0,0,0,0,0,0,0,0,0,0,0,0,0,0,0,0,0,0,0,0,0,0,0,0,0,0,0,0,0
123,193688,2102.359999999998,203.0,88.7,40.1,18.936,200,41,27,6,1,22,6,0,1,2,2,1,0,0,1,1,0,1,0,0,1,0,3,0,0,7,0,1,0,0,0,0,0,0,0,1,3,0,0,0,0,0,0,0,0,12,0,0,4,0,0,0,0,0,4,0,0,0,0,0,0,0,0,0,0,0,0,0,0,8,0,0,1,0,0,0,0,0,0,0,0,0,0,0,0,0,0,0,1,0,0,0,0,0,0,0,0,0,0,0,0,0,0,0,0,0,0,0,0,0,0,0,0,0,0,0,0,0,0,0,0,0,0,0,0,0,0,0
124,193688,2113.8499999999995,202.3,83.8,42.8,21.786,182,79,20,7,9,6,14,0,0,1,0,0,1,0,1,1,0,6,2,0,2,0,2,2,1,2,0,0,0,2,0,0,1,0,0,11,2,0,0,0,0,2,0,0,0,1,0,0,1,0,0,0,0,0,0,0,0,0,0,0,0,0,0,1,0,0,0,0,1,0,0,0,3,0,0,0,0,0,0,0,0,0,0,0,0,0,0,0,1,0,0,0,0,0,0,0,0,0,0,0,0,0,0,0,0,0,0,0,0,0,0,0,0,0,0,0,0,0,0,0,0,0,0,0,0,0,0,0
125,193688,2131.8599999999983,202.1,57.2,31.5,1.003,234,36,1,0,7,1,0,0,0,0,0,0,2,0,1,0,0,0,0,0,0,0,0,0,0,0,0,0,0,0,0,0,0,0,0,0,0,0,0,0,0,0,0,0,0,0,0,0,0,0,0,0,0,0,2,0,0,0,0,0,0,0,0,0,0,0,0,0,0,0,0,0,0,0,0,0,0,0,0,0,0,0,0,0,0,0,0,0,0,0,0,0,0,0,0,0,0,0,0,0,0,0,0,0,0,0,0,0,0,0,0,0,0,0,0,0,0,0,0,0,0,0,0,0,0,0,0,0
126,193689,2135.7799999999975,161.7,91.8,36.2,20.809,295,32,2,17,12,14,9,3,1,21,4,6,3,48,3,1,0,3,2,0,1,0,3,0,0,0,1,0,0,0,0,0,0,0,2,6,0,0,0,1,2,5,0,0,1,0,0,0,3,0,0,0,0,1,0,0,1,1,0,0,0,0,0,0,0,0,0,0,0,0,0,0,0,0,0,0,0,1,0,0,0,0,0,0,0,0,0,0,0,0,0,0,0,0,0,0,0,0,0,3,0,0,0,0,0,0,0,0,0,0,0,0,0,0,0,0,0,0,0,0,0,0,0,0,0,0,0,0
127,193689,2150.7299999999977,161.3,117.8,35.0,24.65,328,76,28,24,23,7,10,8,50,27,1,9,0,0,2,1,0,11,1,0,0,0,5,1,0,0,0,0,0,0,0,0,1,0,14,4,0,0,0,9,0,1,0,0,2,0,0,0,3,0,0,0,0,0,0,0,0,0,0,0,0,0,0,1,0,0,0,0,0,0,0,0,0,0,0,0,0,5,0,0,0,0,0,0,0,0,0,0,0,0,0,0,0,0,0,0,0,0,0,0,0,0,0,0,0,0,0,0,0,0,0,2,1,0,0,0,0,0,0,0,0,0,1,0,0,0,0,0
128,193689,2148.2999999999993,162.3,83.4,31.2,1.456,249,20,8,5,11,3,0,1,9,9,1,0,1,0,2,0,0,0,0,0,0,0,0,0,0,0,0,0,0,0,2,0,0,0,3,0,0,0,0,0,0,0,0,0,0,0,0,0,0,0,0,0,0,0,0,0,0,0,0,0,0,0,0,0,0,0,0,0,0,0,0,0,0,0,0,0,0,3,0,0,0,0,0,0,0,0,0,0,0,0,0,0,0,0,0,0,0,0,0,0,0,0,0,0,0,0,0,0,0,0,0,0,0,0,0,0,0,0,0,0,0,0,0,0,0,0,0,0
129,193692,2160.259999999998,158.5,85.2,35.1,13.336,195,21,13,2,5,2,0,0,0,1,0,0,0,0,0,0,0,1,2,0,0,0,6,0,0,7,0,0,2,0,0,0,0,0,2,0,2,0,0,0,0,0,0,0,0,4,0,0,0,0,0,0,0,0,2,0,0,0,0,0,0,0,0,0,0,0,0,0,0,0,0,0,0,0,0,0,0,0,0,0,0,0,0,0,0,0,0,0,0,0,0,0,0,0,0,0,0,0,0,0,0,0,0,0,0,0,0,0,0,0,0,0,0,0,0,0,0,0,0,0,0,0,0,0,0,0,0,0
130,193692,2191.449999999998,157.6,91.7,38.0,21.752,266,79,35,15,22,21,10,9,3,3,0,1,1,0,0,11,0,2,11,0,1,0,3,8,1,1,1,2,0,0,0,0,1,16,0,3,4,0,0,0,0,0,0,0,0,0,0,0,0,0,0,0,0,0,0,0,0,0,0,0,0,0,0,0,0,0,0,0,0,0,0,0,1,0,0,0,0,0,0,0,0,0,0,0,0,0,0,0,0,0,0,0,1,0,0,0,0,0,0,0,0,0,0,0,0,0,0,0,0,0,0,0,0,0,0,0,0,0,0,0,0,0,0,0,0,0,0,0
131,193692,2191.0299999999984,158.0,90.8,37.0,8.413,211,42,19,0,42,1,8,0,1,0,0,10,0,0,0,1,0,3,0,0,0,0,0,2,0,0,0,1,0,0,0,0,0,0,2,0,0,0,0,0,0,1,0,0,0,0,0,0,1,0,0,0,0,0,0,0,0,0,0,0,0,0,0,0,0,0,0,0,0,0,0,0,0,0,0,0,0,0,0,0,0,0,0,0,0,0,0,0,0,0,1,0,0,0,0,0,0,0,0,0,0,0,0,0,0,3,0,0,0,0,0,0,0,0,0,0,0,0,0,0,0,0,0,0,0,0,0,0
132,193694,2191.0299999999984,150.3,90.8,37.0,13.71,211,36,0,2,0,6,2,2,0,0,0,1,2,0,2,4,0,2,0,0,1,2,1,0,0,0,0,0,0,0,0,0,3,0,5,0,0,0,0,0,0,0,0,0,0,0,0,2,0,0,0,0,0,0,0,0,0,0,0,0,0,0,0,0,0,0,0,0,0,0,0,0,0,0,0,0,0,0,0,0,0,0,0,0,0,0,0,0,0,0,0,0,0,0,0,0,0,0,0,0,0,0,0,0,0,0,0,0,0,0,0,0,0,0,0,0,0,0,0,0,0,0,0,0,0,0,0,0
133,193694,2187.909999999998,151.1,83.6,37.8,22.696,198,85,0,8,5,27,20,6,6,0,3,0,2,0,7,1,0,0,1,0,0,3,3,0,1,1,1,0,0,0,0,0,1,0,4,0,0,0,1,0,0,0,0,0,0,0,0,1,0,0,0,0,0,0,0,3,0,0,0,0,0,0,0,0,0,0,0,0,0,0,0,0,0,0,0,0,0,0,0,1,0,2,1,2,0,0,0,0,0,0,0,0,0,0,2,0,0,0,0,0,0,0,0,0,0,0,0,0,0,0,0,0,0,0,0,0,0,0,0,0,0,0,0,0,0,0,0,0
134,193694,2187.749999999998,151.4,86.1,37.8,22.697,199,94,3,5,10,20,2,14,18,0,2,2,8,0,1,0,0,0,1,0,0,0,0,0,1,0,10,0,0,0,0,0,4,0,0,1,0,0,0,0,0,0,0,0,1,0,0,0,0,0,0,0,0,0,0,0,0,0,0,0,0,0,0,0,0,0,0,0,0,0,0,0,0,0,0,0,0,0,0,0,0,0,0,0,0,0,0,1,0,0,0,0,0,0,1,0,0,0,0,0,0,0,0,0,0,0,0,0,0,0,0,0,0,0,0,0,0,0,0,0,0,0,0,0,0,0,0,0
135,193694,2187.6499999999987,152.4,85.4,37.5,22.776,183,92,0,8,28,9,2,2,17,0,2,1,5,0,2,4,0,0,1,0,0,4,0,0,0,0,2,0,1,0,0,0,0,0,0,0,0,0,0,0,0,0,0,0,0,0,0,0,0,0,0,0,0,0,0,0,0,0,0,0,0,0,0,0,0,0,0,0,0,0,0,0,0,0,0,0,0,0,0,0,0,0,2,0,0,0,0,0,0,0,0,0,0,0,0,0,0,0,0,0,0,0,0,0,0,0,0,1,0,0,0,0,0,0,0,0,0,0,0,0,0,0,0,0,0,0,0,0
136,193694,2175.1099999999988,150.9,94.9,36.1,8.889,210,70,1,4,21,0,2,1,3,2,1,1,3,0,2,2,0,0,0,0,0,0,0,0,0,0,0,2,0,0,0,0,0,0,0,0,0,0,0,0,0,0,0,0,0,0,0,0,0,0,0,0,0,0,0,0,0,0,0,0,0,0,0,0,0,0,0,0,0,0,0,0,0,0,1,0,0,0,0,0,0,0,1,0,0,0,0,0,0,0,0,0,0,0,0,0,0,0,0,0,0,0,0,0,0,0,0,0,0,0,0,0,0,0,0,0,0,0,0,0,0,0,0,0,0,0,0,0
137,193782,2147.129999999999,129.4,79.4,38.2,15.193,228,14,2,7,0,53,0,5,0,7,0,0,1,48,0,1,0,0,1,0,0,0,1,0,0,0,9,3,0,0,0,0,7,0,1,0,0,0,0,0,1,0,0,0,0,0,0,0,0,0,0,0,0,0,0,0,0,0,0,0,0,0,2,0,0,0,0,0,0,0,0,0,0,0,0,0,0,0,0,0,0,0,0,0,0,0,0,0,0,0,0,0,0,0,0,0,0,0,0,0,0,0,0,0,0,0,0,0,0,0,0,0,0,0,0,0,0,0,0,0,0,0,0,0,0,0,0,0
138,193782,2179.1199999999994,130.6,68.5,39.0,18.689,352,76,4,12,3,147,13,21,0,35,2,2,0,0,0,0,5,0,0,0,0,0,1,1,0,0,0,3,0,0,0,0,12,0,0,0,0,0,0,0,1,1,0,0,0,1,0,0,0,0,0,0,0,2,6,0,0,1,0,0,1,0,0,0,0,0,0,0,1,0,0,0,0,0,0,0,0,0,0,0,0,1,0,0,0,0,0,0,0,0,0,0,0,0,0,0,0,0,0,0,0,0,0,0,0,0,0,0,0,0,0,0,0,0,0,0,0,0,0,0,0,0,0,0,0,0,0,0
139,193782,2155.999999999998,132.4,78.4,36.9,18.957,214,83,0,20,0,48,2,10,0,10,1,10,1,0,4,0,3,0,4,0,0,5,0,0,0,1,0,0,1,0,1,0,6,0,0,0,0,0,0,0,0,1,0,0,0,0,0,0,0,0,0,0,2,0,0,0,0,0,0,0,0,0,0,0,0,0,0,0,0,0,0,0,0,0,0,0,0,0,0,0,0,1,0,0,0,0,0,0,0,0,0,0,0,0,0,0,0,0,0,0,0,0,0,0,0,0,0,0,0,0,0,0,0,0,0,0,0,0,0,0,0,0,0,0,0,0,0,0
140,193782,2155.999999999998,132.9,79.7,37.0,19.006,212,95,2,24,0,24,0,9,1,9,2,11,1,0,5,1,1,3,1,0,0,4,1,0,0,1,0,0,3,0,0,0,9,0,0,0,0,0,0,0,0,0,0,1,0,0,0,0,0,0,0,0,0,1,0,0,0,1,0,0,1,0,0,0,0,0,0,0,0,0,0,0,0,0,0,0,0,0,0,0,0,1,0,0,0,0,0,0,0,0,0,0,0,0,0,0,0,0,0,0,0,0,0,0,0,0,0,0,0,0,0,0,0,0,0,0,0,0,0,0,0,0,0,0,0,0,0,0
141,193782,2155.679999999999,132.5,79.1,36.3,19.024,264,56,3,46,0,50,4,13,3,6,2,31,1,0,2,6,4,0,2,0,0,0,0,0,0,1,0,0,1,0,0,0,11,0,0,0,0,1,0,0,1,0,0,4,0,5,0,0,0,0,0,0,0,7,0,0,0,0,0,0,0,0,0,0,1,0,0,0,0,0,0,0,0,0,0,0,0,0,0,0,0,2,0,0,0,0,0,0,0,0,0,0,0,0,0,0,0,0,0,0,0,0,0,0,0,0,0,0,0,0,0,0,0,0,0,0,0,0,0,1,0,0,0,0,0,0,0,0
142,193782,2155.9799999999987,132.5,66.8,40.1,19.006,203,46,3,19,0,48,18,15,0,4,5,11,0,0,0,1,0,1,1,0,0,0,0,0,0,0,0,1,0,0,0,0,14,0,0,0,0,0,0,0,0,0,0,0,0,0,0,0,1,0,0,0,0,8,1,0,0,2,0,0,1,0,0,0,0,0,0,0,0,0,0,0,0,0,0,0,0,0,0,0,0,2,0,0,0,0,0,0,0,0,0,0,0,0,0,0,0,0,0,0,0,0,0,0,1,0,0,0,0,0,0,0,0,0,0,0,0,0,0,0,0,0,0,0,0,0,0,0
143,193782,2155.999999999998,133.2,67.7,39.5,19.215,231,83,4,12,0,53,3,24,1,3,5,1,0,0,0,0,0,1,5,0,0,0,0,0,0,0,0,0,0,0,0,0,21,0,0,0,0,0,0,0,0,0,0,0,0,0,0,0,0,0,0,4,1,2,0,0,0,1,0,0,0,0,0,0,0,0,0,0,2,0,0,0,0,0,0,0,0,0,0,0,0,1,0,0,0,0,0,0,0,0,1,0,0,0,0,0,2,0,0,0,0,1,0,0,0,0,0,0,0,0,0,0,0,0,0,0,0,0,0,0,0,0,0,0,0,0,0,0
144,193782,2155.999999999998,133.1,68.8,38.8,19.085,196,81,4,5,0,40,0,23,5,3,0,7,1,0,1,0,3,2,1,0,0,4,0,0,0,1,0,1,1,0,0,0,9,0,0,0,0,0,0,0,0,0,0,0,0,0,0,0,0,0,0,0,2,1,0,0,0,0,0,0,0,0,0,0,0,0,0,0,0,0,0,0,0,0,0,0,0,0,0,0,0,0,0,0,0,0,0,0,0,0,0,0,0,0,0,0,1,0,0,0,0,0,0,0,0,0,0,0,0,0,0,0,0,0,0,0,0,0,0,0,0,0,0,0,0,0,0,0
145,193782,2155.999999999998,132.9,69.7,38.2,19.084,179,80,3,14,0,28,0,15,9,0,1,4,6,0,0,2,2,0,0,0,0,0,0,0,1,0,0,2,1,0,0,0,4,0,0,0,1,0,0,0,0,0,0,0,0,0,0,0,0,0,0,0,0,4,0,0,1,0,0,0,0,0,0,0,0,0,0,1,0,0,0,0,0,0,0,0,0,0,0,0,0,0,0,0,0,0,0,0,0,0,0,0,0,0,0,0,0,0,0,0,0,0,0,0,0,0,0,0,0,0,0,0,0,0,0,0,0,0,0,0,0,0,0,0,0,0,0,0
146,193782,2157.759999999999,132.8,70.5,38.2,19.156,198,82,0,12,0,24,2,12,0,27,3,6,2,0,1,1,2,0,0,0,0,7,0,0,0,2,2,0,0,0,0,0,4,0,0,0,3,0,0,0,0,0,0,0,0,0,0,0,0,0,0,1,0,0,1,0,0,1,0,0,1,0,0,0,0,0,0,0,0,0,0,0,0,0,0,0,0,0,0,0,0,0,0,0,0,0,0,0,0,0,0,0,2,0,0,0,0,0,0,0,0,0,0,0,0,0,0,0,0,0,0,0,0,0,0,0,0,0,0,0,0,0,0,0,0,0,0,0
147,193782,2129.79,132.8,83.1,39.6,0.737,261,33,0,3,0,5,2,0,2,1,0,2,0,0,0,0,0,0,0,0,0,0,0,0,0,0,0,0,0,0,0,0,3,0,0,0,0,0,0,0,0,0,0,0,0,0,0,0,0,0,0,0,0,0,0,0,0,0,0,0,0,0,0,0,0,0,0,0,0,0,0,0,0,0,0,0,0,0,0,0,0,0,0,0,0,0,0,0,0,0,0,0,0,0,0,0,0,0,0,0,0,0,0,0,0,0,0,0,0,0,0,0,0,0,0,0,0,0,0,0,0,0,0,0,0,0,0,0
148,193783,2175.1099999999988,188.5,94.9,36.1,15.76,210,27,21,9,4,4,0,0,11,1,1,0,2,0,0,0,0,0,0,0,0,0,2,0,4,1,4,0,0,0,0,0,0,0,0,2,0,0,0,0,0,0,0,0,0,0,0,0,0,0,0,0,0,0,0,0,0,0,0,0,0,0,0,0,0,0,0,0,0,0,0,0,0,0,0,0,0,0,0,0,0,0,0,0,0,0,0,0,0,0,0,0,0,0,0,0,0,0,0,0,0,0,0,0,0,0,0,0,0,0,0,0,0,0,0,0,0,0,0,0,0,0,0,0,0,0,0,0
149,193783,2155.159999999998,188.6,117.7,36.8,26.052,353,71,55,16,27,22,8,5,19,14,0,5,4,0,2,9,3,7,3,0,3,2,0,0,0,7,34,0,1,0,0,0,0,0,4,14,1,0,0,0,0,0,0,1,0,0,0,0,2,0,0,0,0,0,0,0,1,1,0,0,0,0,0,0,1,0,2,0,0,0,0,1,0,0,0,0,0,0,1,0,0,0,0,0,0,0,0,5,0,0,1,0,0,0,0,0,0,0,0,0,0,0,0,0,1,0,0,0,0,0,0,0,0,0,0,0,0,0,0,0,0,0,0,0,0,0,0,0
150,193783,2160.0599999999986,188.9,110.8,34.1,18.324,324,84,40,7,10,11,22,4,17,39,0,1,5,0,2,6,0,7,2,0,0,2,1,2,0,3,2,0,0,0,0,0,0,0,0,31,0,0,0,0,0,0,0,0,0,0,0,0,0,0,0,0,0,0,0,0,0,2,0,0,0,0,0,0,0,0,0,0,0,0,0,2,0,0,0,0,1,0,0,0,0,0,0,0,0,0,0,1,0,0,0,0,0,0,0,0,0,0,0,0,0,0,0,0,0,0,0,0,0,0,0,0,0,0,0,0,0,0,0,0,0,0,0,0,0,0,0,0
151,193784,2141.0099999999984,174.0,80.9,37.5,18.785,218,71,18,17,1,7,8,8,4,11,2,8,4,36,9,3,0,3,0,0,1,0,0,0,0,0,0,3,0,0,0,1,0,0,0,0,0,0,0,0,0,0,0,0,0,0,0,0,0,0,0,0,0,0,0,0,0,0,0,0,1,0,0,0,0,0,0,0,0,0,0,0,0,0,1,0,0,0,0,0,0,0,0,0,0,0,0,0,0,0,0,0,0,0,0,0,0,0,0,0,0,0,0,0,1,0,0,0,0,0,0,0,0,0,0,0,0,0,0,0,0,0,0,0,0,0,0,0
152,193784,2139.6099999999988,174.6,85.5,40.0,18.807,192,91,7,16,2,5,2,7,0,6,3,1,8,0,14,1,4,3,2,0,1,0,0,0,0,0,3,0,0,0,0,0,2,12,0,0,0,0,0,0,0,0,0,0,0,0,0,0,0,1,0,0,0,0,0,0,0,0,0,0,0,0,0,0,0,0,0,0,0,0,0,0,0,0,0,0,0,0,0,0,0,1,0,0,0,0,0,0,0,0,0,0,0,0,0,0,0,0,0,0,0,0,0,0,0,0,0,0,0,0,0,0,0,0,0,0,0,0,0,0,0,0,0,0,0,0,0,0
153,193784,2141.759999999999,174.5,89.3,39.5,18.816,190,79,7,13,1,3,12,10,0,3,1,4,4,0,15,11,9,1,3,0,2,0,0,0,0,2,0,0,3,0,0,0,0,0,0,0,0,0,1,0,0,1,0,0,0,0,0,4,0,0,1,0,0,0,0,0,0,0,0,0,0,0,0,0,0,0,0,0,0,0,0,0,0,0,0,0,0,0,0,0,0,0,0,0,0,0,0,0,0,0,0,0,0,0,0,0,0,0,0,0,0,0,0,0,0,0,0,0,0,0,0,0,0,0,0,0,0,0,0,0,0,0,0,0,0,0,0,0
154,193784,2142.6399999999994,174.8,92.1,39.4,18.844,190,86,10,12,2,2,4,21,0,9,1,11,8,0,11,4,1,3,0,0,0,0,0,0,0,2,1,0,0,0,0,0,0,0,0,1,0,0,0,0,0,0,0,0,0,0,0,0,0,0,0,0,0,0,0,0,0,0,0,0,0,0,0,0,0,0,0,0,0,0,0,0,0,0,0,0,0,0,0,0,0,0,0,0,0,0,0,0,0,0,0,0,0,0,0,0,0,0,0,0,0,0,0,0,0,1,0,0,0,0,0,0,0,0,0,0,0,0,0,0,0,0,0,0,0,0,0,0
155,193784,2136.5999999999985,174.3,92.9,39.1,18.79,184,88,0,11,0,3,9,7,0,18,3,11,11,0,10,3,3,0,0,0,1,0,0,0,0,2,0,0,4,0,0,0,0,0,0,0,0,0,0,0,0,0,0,0,0,0,0,0,0,0,0,0,0,0,0,0,0,0,0,0,0,0,0,0,0,0,0,0,0,0,0,0,0,0,0,0,0,0,0,0,0,0,0,0,0,0,0,0,0,0,0,0,0,0,0,0,0,0,0,0,0,0,0,0,0,0,0,0,0,0,0,0,0,0,0,0,0,0,0,0,0,0,0,0,0,0,0,0
156,193784,2129.599999999998,174.1,93.1,39.2,18.743,182,89,8,10,1,1,10,14,0,15,7,2,4,0,11,1,5,0,2,0,0,0,0,0,0,1,0,0,0,0,0,0,0,0,0,0,0,1,0,0,0,0,0,0,0,0,0,0,0,0,0,0,0,0,0,0,0,0,0,0,0,0,0,0,0,0,0,0,0,0,0,0,0,0,0,0,0,0,0,0,0,0,0,0,0,0,0,0,0,0,0,0,0,0,0,0,0,0,0,0,0,0,0,0,0,0,0,0,0,0,0,0,0,0,0,0,0,0,0,0,0,0,0,0,0,0,0,0
157,193784,2129.599999999998,173.5,93.7,39.3,18.728,148,70,5,11,0,3,2,16,0,6,1,2,3,0,7,0,1,1,2,0,4,1,0,0,0,0,1,4,2,0,0,0,1,0,0,0,0,0,0,0,0,0,0,0,0,0,0,0,1,0,0,0,0,0,1,0,0,0,0,0,0,0,0,0,0,0,2,0,0,0,0,0,0,0,1,0,0,0,0,0,0,0,0,0,0,0,0,0,0,0,0,0,0,0,0,0,0,0,0,0,0,0,0,0,0,0,0,0,0,0,0,0,0,0,0,0,0,0,0,0,0,0,0,0,0,0,0,0
158,193784,2129.599999999998,174.4,97.4,39.4,18.935,158,81,14,10,0,2,2,11,0,9,5,0,2,0,4,2,2,0,3,0,6,3,1,0,0,0,0,0,1,0,0,0,0,0,0,0,0,0,0,0,0,0,0,0,0,0,0,0,0,0,0,0,0,0,0,0,0,0,0,0,0,0,0,0,0,0,0,0,0,0,0,0,0,0,0,0,0,0,0,0,0,0,0,0,0,0,0,0,0,0,0,0,0,0,0,0,0,0,0,0,0,0,0,0,0,0,0,0,0,0,0,0,0,0,0,0,0,0,0,0,0,0,0,0,0,0,0,0
159,193784,2129.599999999998,174.8,102.4,39.7,18.901,195,95,7,16,1,10,0,18,0,19,4,7,6,0,0,8,1,0,0,0,0,0,0,0,0,0,0,1,1,0,0,0,0,0,0,0,0,0,0,0,0,0,0,0,0,0,0,0,0,0,0,0,0,0,0,0,0,0,0,0,0,0,0,0,0,0,0,0,0,0,0,0,0,0,0,0,0,0,0,0,0,0,0,0,0,0,0,0,0,0,0,0,0,0,0,0,0,0,0,0,0,0,0,0,0,0,0,0,0,0,1,0,0,0,0,0,0,0,0,0,0,0,0,0,0,0,0,0
160,193784,2129.599999999998,174.8,106.1,39.7,18.842,188,93,7,22,0,19,4,8,0,6,0,3,4,0,5,2,2,4,1,0,0,5,0,0,0,0,0,0,1,0,0,0,0,0,0,0,0,0,0,0,0,0,0,0,0,0,0,1,0,0,0,1,0,0,0,0,0,0,0,0,0,0,0,0,0,0,0,0,0,0,0,0,0,0,0,0,0,0,0,0,0,0,0,0,0,0,0,0,0,0,0,0,0,0,0,0,0,0,0,0,0,0,0,0,0,0,0,0,0,0,0,0,0,0,0,0,0,0,0,0,0,0,0,0,0,0,0,0
161,193784,2147.129999999999,174.9,79.4,38.2,2.965,228,29,3,4,0,1,0,9,0,1,0,0,4,0,0,1,1,0,0,0,0,3,0,1,0,0,0,4,0,0,0,0,0,0,0,0,0,0,0,0,0,0,0,0,0,0,0,0,0,0,0,1,0,0,0,0,0,0,0,0,2,0,0,0,0,0,0,0,0,0,0,0,0,0,0,0,0,0,0,0,0,0,0,0,0,0,0,0,0,0,0,0,0,0,0,0,0,0,0,0,0,0,0,0,1,0,0,0,0,0,0,0,0,0,0,0,0,0,0,0,0,0,0,0,0,0,0,0
162,193852,2129.79,198.8,83.1,39.6,20.22,261,23,15,23,24,4,8,0,0,6,1,2,0,36,0,0,1,1,0,0,0,2,0,0,0,0,0,0,0,0,0,0,0,0,1,0,44,0,0,0,0,0,0,0,0,10,0,0,1,0,0,0,0,0,3,0,0,0,0,0,0,0,0,0,0,0,0,0,0,0,0,0,0,3,0,0,0,0,0,0,0,0,0,0,0,0,0,0,1,0,0,0,0,0,0,0,0,0,1,0,0,0,0,0,0,0,0,0,0,0,0,0,0,0,0,0,0,0,0,0,0,0,0,0,0,0,0,0
163,193852,2107.9999999999986,198.2,95.3,40.6,21.192,210,82,25,13,15,2,0,5,0,23,7,11,0,0,0,3,7,2,0,0,0,0,0,7,0,1,0,0,0,0,0,0,0,0,0,0,1,0,0,0,0,0,0,0,0,0,0,0,0,0,0,0,0,0,4,0,0,0,0,0,0,0,0,0,0,0,0,0,0,0,0,1,0,1,0,0,0,0,0,0,0,0,0,0,0,0,0,0,0,0,0,0,0,0,0,0,0,0,0,0,0,0,0,0,0,0,0,0,0,0,0,0,0,0,0,0,0,0,0,0,0,0,0,0,0,0,0,0
164,193852,2107.9999999999986,199.1,96.8,40.6,21.209,178,103,10,3,20,1,9,3,0,2,0,9,3,0,0,2,2,0,0,0,0,2,0,4,0,0,0,2,0,0,0,0,0,0,0,0,0,0,0,0,0,0,0,0,0,1,0,0,0,0,0,0,0,0,2,0,0,0,0,0,0,0,0,0,0,0,0,0,0,0,0,0,0,0,0,0,0,0,0,0,0,0,0,0,0,0,0,0,0,0,0,0,0,0,0,0,0,0,0,0,0,0,0,0,0,0,0,0,0,0,0,0,0,0,0,0,0,0,0,0,0,0,0,0,0,0,0,0
165,193852,2107.9999999999986,198.4,96.2,40.6,21.154,231,108,5,12,15,1,9,6,1,15,8,4,5,0,0,1,6,0,1,0,0,0,0,20,0,0,0,0,0,0,0,0,0,0,0,3,4,0,0,0,0,0,0,0,0,1,0,0,0,0,0,0,0,0,0,0,0,2,0,0,1,0,0,0,0,0,0,0,0,0,0,0,0,2,0,0,0,0,0,0,0,0,0,0,0,0,0,0,1,0,0,0,0,0,0,0,0,0,0,0,0,0,0,0,0,0,0,0,0,0,0,0,0,0,0,0,0,0,0,0,0,0,0,0,0,0,0,0
166,193852,2129.989999999998,198.1,86.4,34.4,2.352,243,41,9,1,4,0,0,0,0,5,0,0,1,0,0,3,1,0,0,0,1,6,0,6,0,0,0,0,1,0,0,0,0,0,0,0,1,0,0,0,0,0,0,0,0,2,0,0,0,0,0,0,0,0,0,0,0,0,0,0,0,0,0,0,0,0,0,0,0,0,0,0,0,3,0,0,0,0,0,0,0,0,0,0,0,0,0,0,0,0,0,0,0,0,0,0,0,0,0,0,0,0,0,0,0,0,0,0,0,0,0,0,0,0,0,0,0,0,0,0,0,0,0,0,0,0,0,0
167,193882,2142.7899999999986,136.6,80.4,34.9,21.545,303,35,56,8,1,14,10,2,0,0,1,1,2,16,2,0,0,1,0,0,3,3,2,0,1,1,0,0,5,0,0,0,1,32,0,0,0,0,0,0,0,0,4,0,0,0,56,0,0,0,0,0,0,1,0,0,0,1,0,0,0,0,0,0,0,0,0,0,1,0,0,0,0,0,0,0,0,0,0,0,0,0,5,11,0,0,12,0,0,0,0,0,0,6,0,0,0,0,0,0,0,0,0,0,0,0,0,0,0,0,0,0,0,0,0,0,0,0,0,0,0,0,0,1,0,0,0,0
168,193882,2139.949999999998,136.3,73.8,38.7,21.608,239,108,25,13,1,8,0,10,0,0,2,5,1,0,6,3,0,1,4,0,2,0,0,0,0,1,0,0,4,0,0,0,2,0,10,0,0,0,0,0,0,0,1,0,0,0,20,0,0,0,0,0,0,0,0,0,1,2,0,0,0,0,0,0,0,0,0,0,0,4,0,0,2,0,0,0,0,0,0,0,0,0,1,1,0,0,0,0,0,0,0,0,0,0,0,0,0,0,0,0,0,0,0,0,0,0,0,0,0,0,0,0,0,0,0,0,0,0,0,0,1,0,0,0,0,0,0,0
169,193882,2142.0199999999977,136.6,73.9,38.0,21.603,198,114,23,5,0,5,18,3,2,0,3,1,2,0,3,1,0,0,3,0,4,0,0,0,0,0,0,0,2,0,0,0,2,0,6,0,0,0,0,0,0,0,0,0,0,0,0,0,0,0,0,0,0,0,0,0,0,0,0,0,0,0,0,0,0,0,0,0,0,0,0,0,0,0,0,0,0,0,0,0,0,0,0,0,0,0,0,0,0,0,1,0,0,0,0,0,0,0,0,0,0,0,0,0,0,0,0,0,0,0,0,0,0,0,0,0,0,0,0,0,0,0,0,0,0,0,0,0
170,193882,2142.699999999998,136.5,77.9,39.1,21.607,189,97,19,3,7,5,8,12,2,0,5,2,0,0,1,0,0,0,4,0,2,0,1,0,0,0,0,0,2,3,0,0,5,0,3,2,0,0,0,0,0,0,1,1,0,0,0,0,0,0,0,0,0,1,0,0,0,0,0,0,0,0,0,0,0,0,0,0,0,0,0,1,0,0,0,0,0,0,0,0,0,0,0,0,0,0,0,0,0,0,2,0,0,0,0,0,0,0,0,0,0,0,0,0,0,0,0,0,0,0,0,0,0,0,0,0,0,0,0,0,0,0,0,0,0,0,0,0
171,193882,2142.219999999999,136.9,78.2,39.4,21.724,171,104,9,3,1,7,4,3,3,0,3,0,8,0,1,1,0,1,2,0,0,1,1,0,0,2,0,0,3,0,0,0,1,0,9,0,0,0,0,0,0,0,0,0,0,0,1,0,0,0,0,0,0,0,0,1,0,0,0,0,0,0,0,0,0,0,0,0,0,0,0,0,0,0,0,0,0,0,0,0,1,0,1,0,0,0,0,0,0,0,0,0,0,0,0,0,0,0,0,0,0,0,0,0,0,0,0,0,0,0,0,0,0,0,0,0,0,0,0,0,0,0,0,0,0,0,0,0
172,193882,2141.8999999999996,136.2,76.7,39.6,21.513,179,93,14,4,1,13,8,4,7,0,5,3,9,0,2,1,0,0,1,0,4,0,0,0,0,0,0,0,0,0,0,0,0,0,3,0,0,0,0,0,0,0,0,0,0,0,0,0,0,0,0,0,1,0,0,5,0,0,0,0,0,0,0,0,0,0,0,0,0,0,0,0,0,0,0,0,0,0,0,0,0,0,1,0,0,0,0,0,0,0,0,0,0,0,0,0,0,0,0,0,0,0,0,0,0,0,0,0,0,0,0,0,0,0,0,0,0,0,0,0,0,0,0,0,0,0,0,0
173,193882,2130.599999999998,136.8,76.8,37.9,21.65,195,101,18,5,0,25,5,3,8,0,3,0,2,0,4,0,0,0,0,0,1,0,2,0,0,1,0,0,2,0,0,0,0,0,3,0,0,0,0,0,0,0,1,2,0,0,0,0,0,0,0,0,0,1,0,4,0,0,0,0,0,1,0,0,0,0,0,0,0,1,0,0,0,0,0,0,0,0,0,0,0,0,0,1,0,0,0,0,0,0,0,0,0,0,0,0,0,0,0,0,0,0,1,0,0,0,0,0,0,0,0,0,0,0,0,0,0,0,0,0,0,0,0,0,0,0,0,0
174,193882,2130.5199999999973,136.4,69.1,32.6,1.579,242,34,8,1,0,2,2,0,0,0,1,0,0,0,0,1,0,0,2,0,0,0,0,0,0,0,0,0,0,0,0,0,0,0,0,0,1,0,0,0,1,0,0,0,0,0,1,0,0,0,0,0,1,0,0,0,0,0,0,0,0,0,0,0,0,0,0,0,0,0,0,0,0,0,0,0,0,0,0,0,0,0,0,0,0,0,0,0,0,0,0,0,0,0,0,0,0,0,0,0,0,0,0,0,0,0,0,0,0,0,0,0,0,0,0,0,0,0,0,0,0,0,0,0,0,0,0,0
175,193937,2129.989999999998,172.3,86.4,34.4,18.987,243,27,25,1,0,2,0,0,0,1,2,1,1,64,11,2,0,0,0,0,1,0,0,0,2,0,0,0,0,0,5,0,0,0,0,1,0,0,0,0,3,0,0,1,0,0,0,0,0,0,0,0,0,0,0,0,0,0,0,0,1,0,0,0,4,0,1,0,0,1,0,0,0,0,0,0,0,0,0,0,0,0,0,0,0,0,0,0,0,0,0,0,0,0,0,0,0,0,0,0,0,0,0,0,1,0,0,0,0,0,0,0,0,0,0,0,0,0,0,0,0,0,0,0,0,0,0,0
176,193937,2140.999999999999,173.6,98.5,37.1,20.936,212,83,45,9,6,0,6,7,7,0,0,5,0,0,8,6,0,1,5,0,0,0,0,0,1,0,0,0,0,0,2,0,2,0,0,5,0,2,0,0,0,0,0,0,0,0,0,4,0,0,0,0,0,0,0,0,0,0,0,0,0,0,0,0,0,0,0,0,4,2,0,0,0,0,0,0,0,1,0,0,0,0,0,0,0,0,0,0,0,0,0,1,0,0,0,0,0,0,0,0,0,0,0,0,0,0,0,0,0,0,0,0,0,0,0,0,0,0,0,0,0,0,0,0,0,0,0,0
177,193937,2139.9999999999986,173.5,102.4,36.7,7.621,167,57,18,12,3,0,0,6,2,0,2,0,0,0,2,0,1,2,0,0,0,0,0,0,1,0,0,0,0,0,0,0,0,0,0,4,0,0,0,0,1,0,0,1,0,0,0,1,0,0,0,0,0,0,0,0,0,0,0,0,0,0,0,0,0,0,0,0,0,0,0,0,0,0,0,0,0,0,0,0,0,0,0,0,0,0,0,0,0,0,0,0,0,0,0,0,0,0,0,0,0,0,0,0,0,0,0,0,0,0,0,0,0,0,0,0,0,0,0,0,0,0,0,0,0,0,0,0
178,193972,2142.6399999999994,175.1,82.1,41.6,24.919,277,59,7,7,0,37,55,4,0,5,3,19,0,0,3,9,0,0,1,0,5,0,4,0,1,0,2,0,0,0,1,0,0,0,0,0,13,0,0,0,0,2,0,1,0,15,0,3,0,0,0,0,0,0,0,0,0,1,0,0,0,0,0,0,0,0,0,0,0,10,0,0,0,6,2,0,0,0,0,0,0,2,0,0,0,0,0,0,0,0,0,0,0,0,0,0,0,0,0,0,0,0,0,0,0,0,0,0,0,0,0,0,0,0,0,0,0,0,0,0,0,0,0,0,0,0,0,0
179,193972,2138.819999999999,172.8,65.9,34.5,19.679,243,90,12,20,1,8,18,3,1,5,4,10,2,0,17,8,4,0,4,0,0,0,0,0,0,0,0,0,0,0,0,0,8,0,0,0,10,0,0,2,0,0,0,1,0,0,0,1,0,0,0,0,0,0,0,0,0,0,0,0,1,0,0,1,5,0,0,0,0,0,1,0,0,0,1,0,0,0,0,0,0,2,0,0,0,0,0,0,0,0,0,0,0,0,0,0,0,0,1,0,0,0,0,0,0,0,0,0,2,0,0,0,0,0,0,0,0,0,0,0,0,0,0,0,0,0,0,0
180,193973,2130.5199999999973,196.4,69.1,32.6,23.153,242,31,0,25,2,0,2,4,2,6,0,8,1,80,2,3,3,0,0,0,1,0,1,0,2,5,0,0,1,0,0,0,0,0,0,1,2,1,0,0,4,0,0,0,0,0,0,0,0,0,0,0,0,0,0,0,0,0,0,0,0,0,0,0,0,0,0,0,0,0,0,0,0,0,0,0,0,0,0,0,0,0,0,0,0,0,0,0,0,0,0,0,0,0,0,0,0,0,0,0,0,0,0,0,0,0,0,0,0,0,0,0,0,0,0,0,0,0,0,0,0,0,0,0,0,0,0,0
181,193973,2130.9999999999986,196.1,118.4,38.7,24.899,204,66,7,18,1,6,5,10,8,19,2,9,6,0,2,0,8,0,1,0,1,1,0,0,7,0,0,1,4,0,0,0,0,0,0,0,0,1,0,0,14,1,0,0,0,0,0,0,2,0,0,0,0,0,0,0,0,1,0,0,1,0,0,0,0,0,0,0,0,0,1,0,0,0,0,0,0,0,0,0,0,0,0,0,0,0,0,0,0,0,0,0,0,0,0,0,0,0,0,0,0,0,0,0,0,0,0,0,0,1,0,0,0,0,0,0,0,0,0,0,0,0,0,0,0,0,0,0
182,193973,2130.9999999999986,196.4,117.6,39.4,24.791,152,41,5,18,2,17,4,6,8,13,0,9,0,0,1,3,8,0,0,0,2,0,0,1,2,2,0,1,2,0,0,0,0,0,2,0,1,0,0,0,1,0,0,0,0,0,0,0,2,0,0,0,0,0,0,0,0,0,0,0,1,0,0,0,0,0,0,0,0,0,0,0,0,0,0,0,0,0,0,0,0,0,0,0,0,0,0,0,0,0,0,0,0,0,0,0,0,0,0,0,0,0,0,0,0,0,0,0,0,0,0,0,0,0,0,0,0,0,0,0,0,0,0,0,0,0,0,0
183,193973,2139.999999999998,196.6,116.4,39.9,19.663,204,76,0,17,21,2,6,5,15,11,3,13,4,0,1,1,4,0,0,0,0,2,0,0,1,6,0,3,0,0,0,0,1,0,0,0,0,0,0,0,4,0,0,0,0,0,0,0,1,0,0,2,0,0,0,0,0,0,0,0,2,0,0,0,0,0,0,0,0,0,1,1,0,0,0,0,0,0,0,0,0,0,0,0,0,0,0,0,0,0,0,0,0,0,0,0,0,0,0,0,0,0,0,0,0,0,0,0,0,0,0,0,0,0,0,0,0,0,0,0,0,0,0,0,0,0,0,1
184,194029,2144.749999999998,180.3,102.4,36.7,15.161,167,23,3,2,0,0,0,0,0,0,1,2,0,0,1,0,0,0,2,0,1,0,0,0,0,0,0,0,0,0,0,0,0,0,0,0,0,0,0,19,0,0,0,0,0,0,0,0,0,0,0,0,0,0,0,0,0,0,0,0,0,0,0,0,0,0,0,0,0,0,0,0,0,0,0,0,0,0,0,0,0,0,0,0,0,0,0,0,0,0,0,0,0,0,0,0,0,0,0,0,0,0,0,0,0,0,0,0,0,0,0,0,0,0,0,0,0,0,0,0,0,0,0,0,0,0,0,0
185,194029,2142.999999999999,180.5,104.1,38.0,24.218,209,79,2,41,5,1,12,6,4,0,4,11,6,0,5,3,1,0,1,0,0,0,1,0,0,0,3,0,0,0,1,0,0,0,0,2,0,0,0,7,1,0,0,0,0,0,0,2,0,0,0,0,0,0,0,0,0,0,0,0,0,0,0,0,0,0,1,5,0,0,0,0,0,0,0,3,0,0,0,1,0,0,0,0,0,0,0,0,0,0,0,0,0,0,0,0,0,0,0,0,1,0,0,0,0,0,0,0,0,0,0,0,0,0,0,0,0,0,0,0,0,0,0,0,0,0,0,0
186,194029,2143.7499999999986,179.9,102.9,38.7,24.244,206,51,2,25,4,0,31,7,9,0,3,41,3,0,5,0,0,0,1,0,0,0,6,0,1,0,0,2,0,0,0,0,0,0,0,0,0,1,1,8,0,0,0,0,0,0,0,0,1,0,0,0,0,0,0,0,0,0,0,0,0,0,2,0,0,0,0,0,0,0,0,0,0,0,0,0,0,0,0,0,0,0,0,0,0,0,0,0,0,0,0,0,0,0,0,0,0,0,0,0,2,0,0,0,0,0,0,0,0,0,0,0,0,0,0,0,0,0,0,0,0,0,0,0,0,0,0,0
187,194029,2146.659999999999,179.3,97.7,37.3,17.633,239,85,14,11,0,8,4,20,11,0,5,53,1,0,4,0,0,0,1,0,1,0,0,0,2,0,6,4,0,0,0,0,0,0,0,0,0,3,0,0,0,1,0,0,2,0,0,0,0,0,0,0,0,0,0,0,1,0,0,0,0,0,0,0,0,0,0,0,0,0,0,0,0,0,0,0,0,0,0,0,0,0,0,0,0,0,0,0,0,0,0,0,0,0,0,0,0,0,2,0,0,0,0,0,0,0,0,0,0,0,0,0,0,0,0,0,0,0,0,0,0,0,0,0,0,0,0,0
188,194057,2148.419999999999,169.6,80.0,39.5,22.024,193,93,17,0,4,11,6,11,1,2,4,2,8,0,4,2,0,0,0,0,0,0,0,0,0,4,0,0,0,0,0,0,0,0,0,0,3,0,0,0,0,1,0,0,0,5,0,0,1,0,0,0,0,0,0,0,0,0,0,0,0,1,0,0,0,0,0,0,0,0,0,0,0,1,0,0,0,0,0,0,1,0,0,0,0,1,0,0,0,0,0,0,0,0,0,0,0,0,0,0,0,0,0,0,0,0,0,0,0,0,0,0,0,0,0,0,0,0,0,0,0,0,0,0,0,0,0,0
189,194057,2175.0499999999984,169.5,79.3,42.2,22.022,196,107,10,1,15,8,6,9,3,3,5,0,6,0,3,1,0,3,4,0,0,4,1,0,0,0,0,0,1,0,0,0,0,0,0,0,0,0,0,0,0,0,0,0,0,0,0,0,0,0,0,0,1,0,0,2,0,0,0,0,0,0,0,0,0,0,0,0,0,0,0,0,0,0,0,0,0,0,0,0,1,0,0,0,0,2,0,0,0,0,0,0,0,0,0,0,0,0,0,0,0,0,0,0,0,0,0,0,0,0,0,0,0,0,0,0,0,0,0,0,0,0,0,0,0,0,0,0
190,194057,2151.839999999999,168.5,29.3,15.9,22.194,79,51,0,1,6,4,0,1,2,0,0,0,1,0,3,0,0,0,0,0,0,1,0,0,0,0,0,0,0,0,0,0,0,0,0,0,0,2,0,0,1,0,0,0,0,0,1,0,1,0,0,0,3,0,0,0,0,0,0,0,0,0,0,0,0,0,0,0,0,0,0,0,1,0,0,0,0,0,0,0,0,0,0,0,0,0,0,0,0,0,0,0,0,0,0,0,0,0,0,0,0,0,0,0,0,0,0,0,0,0,0,0,0,0,0,0,0,0,0,0,0,0,0,0,0,0,0,0
191,194113,2190.059999999999,122.0,62.1,27.8,17.61,203,9,15,0,7,1,12,12,0,0,0,0,2,0,0,0,0,0,2,63,2,9,3,8,14,0,9,0,0,0,0,0,0,0,0,7,0,0,0,0,0,7,0,1,0,0,0,0,0,0,0,0,0,0,0,0,0,0,0,0,0,0,0,0,0,0,5,0,0,0,0,0,0,0,0,0,5,0,1,0,0,0,0,0,0,0,0,0,0,0,0,1,5,0,1,0,0,0,0,0,0,0,2,0,0,0,0,0,0,0,0,0,0,0,0,0,0,0,0,0,0,0,0,0,0,0,0,0
192,194113,2156.239999999999,121.7,74.6,38.0,18.188,234,40,39,2,15,2,10,7,0,23,1,0,3,0,3,3,0,0,1,0,0,2,19,17,10,1,12,1,0,0,0,0,0,0,0,8,0,0,0,0,0,1,0,0,0,0,0,0,2,0,0,0,0,2,0,3,0,0,0,0,0,0,0,0,0,0,0,0,0,0,0,0,0,0,0,0,3,0,0,0,0,0,0,0,2,0,0,0,0,0,0,2,0,0,0,0,0,0,0,0,0,0,0,0,0,0,0,0,0,0,0,0,0,0,0,0,0,0,0,0,0,0,0,0,0,0,0,0
193,194113,2150.7699999999986,120.1,92.5,31.7,1.329,273,25,1,0,4,1,6,2,0,1,2,0,0,0,0,0,0,0,0,0,0,0,0,7,0,0,0,0,0,0,0,0,0,0,0,6,0,0,0,0,0,0,0,0,0,0,0,0,0,0,0,0,0,0,0,0,0,0,0,0,0,0,0,0,0,0,0,0,0,0,0,0,0,0,0,0,0,0,0,0,0,0,0,0,0,0,0,0,0,0,0,0,0,0,0,0,0,0,0,0,0,0,2,0,0,0,0,0,0,0,0,0,0,0,0,0,0,0,0,0,0,0,0,0,0,0,0,0
194,194121,2150.7699999999986,168.1,92.5,31.7,19.708,273,10,20,7,2,2,0,0,1,0,2,0,0,36,0,1,0,23,0,29,5,1,0,0,1,0,4,0,0,0,0,16,0,12,0,1,0,0,0,1,0,0,41,1,0,0,0,0,0,0,0,0,0,0,0,0,0,0,0,0,0,0,0,0,0,0,0,0,0,0,0,0,0,0,0,0,0,0,0,0,0,0,0,0,0,0,0,0,0,0,0,0,0,0,0,0,0,0,0,0,0,0,0,0,0,0,0,0,0,0,0,0,0,0,0,0,0,0,0,0,0,0,0,0,0,0,0,0
195,194121,2154.439999999999,169.0,124.3,32.6,21.412,258,40,39,9,15,2,5,7,3,2,11,2,1,0,6,2,0,29,4,0,18,0,6,1,1,0,1,5,0,0,3,7,1,12,0,1,0,0,0,0,0,2,13,0,2,0,0,0,0,0,0,0,0,1,1,0,0,0,0,0,0,0,0,0,0,0,0,0,0,1,0,0,2,0,0,0,0,0,1,0,0,0,0,0,0,0,0,0,0,0,0,0,0,0,0,0,0,0,0,0,0,0,0,0,0,0,0,0,0,0,1,0,0,0,0,0,0,0,1,0,0,0,0,0,0,0,0,0
196,194121,2152.3199999999993,168.9,120.2,33.6,21.447,218,75,33,4,11,5,16,5,2,0,12,0,3,0,11,2,0,20,3,0,1,2,2,0,1,0,0,0,0,0,0,5,1,0,0,0,0,0,0,0,0,0,0,0,0,0,0,0,0,2,0,0,0,0,0,1,0,0,0,0,0,0,0,0,0,0,1,0,0,0,0,0,0,0,0,0,0,0,0,0,0,0,0,0,0,0,0,0,0,0,0,0,0,0,0,0,0,0,0,0,0,0,0,0,0,0,0,0,0,0,0,0,0,0,0,0,0,0,0,0,0,0,0,0,0,0,0,0
197,194121,2145.5999999999995,169.3,124.1,34.2,21.491,218,54,15,19,16,3,24,10,1,1,19,5,0,0,3,8,0,5,0,0,2,3,3,2,2,0,0,1,0,0,0,1,0,0,0,0,0,1,0,1,0,0,0,7,0,0,0,0,0,0,0,3,0,0,0,0,0,4,0,0,0,0,0,1,0,0,0,0,0,0,0,0,1,0,3,0,0,0,0,0,0,0,0,0,0,0,0,0,0,0,0,0,0,0,0,0,0,0,0,0,0,0,0,0,0,0,0,0,0,0,0,0,0,0,0,0,0,0,0,0,0,0,0,0,0,0,0,0
198,194121,2145.5999999999995,168.8,120.0,33.5,21.419,213,54,27,20,19,4,6,6,0,3,10,1,3,0,21,5,0,1,3,0,0,3,0,9,0,0,0,2,2,0,0,1,1,0,1,0,0,1,0,0,0,0,0,1,0,0,0,0,0,2,0,0,0,0,0,1,1,2,0,0,0,0,0,2,0,0,0,0,0,0,0,0,0,0,0,0,0,0,0,0,0,0,0,0,0,0,0,0,0,0,0,0,0,0,0,0,0,0,0,0,0,0,0,0,0,0,0,0,0,0,0,0,0,0,0,0,0,0,0,0,0,0,0,0,1,0,0,0
199,194121,2147.999999999999,169.2,122.9,34.6,21.548,256,58,25,29,17,4,8,20,0,9,16,0,0,0,0,4,0,6,2,0,0,0,1,19,0,0,0,2,5,0,0,0,1,0,0,1,0,1,0,0,0,0,0,4,0,0,0,1,3,5,0,0,1,0,0,0,1,2,0,0,0,0,0,8,0,0,0,0,0,0,0,0,2,0,0,0,0,0,0,0,0,0,0,0,0,1,0,0,0,0,0,0,0,0,0,0,0,0,0,0,0,0,0,0,0,0,0,0,0,0,0,0,0,0,0,0,0,0,0,0,0,0,0,0,0,0,0,0
